"Regulondb_id";"Promoter_Name";"Promoter_Strand";"Sigma_Factor";"Sequence";"Note"
"ECK120009845";"mraZp";"forward";"Sigma70";"tatgccttgtgactggcttgacaagcttttcctcagctccgtaaactcctttcagtgggaAattgtggggcaaagtgggaa";"The contribution of the mraZp promoter to the expression level of the downstream genes has not been tested <a href=""#myRef"" class=""linkBlue"">Vicente M,1998</a> This promoter is reported to have been identified by S1 mapping; however, the promoter was not shown, nor was its sequence given. There is a position mentioned in the paper in relation to the translational start site of the gene. The &sigma; factor type that controls mraZp expression was not mentioned."
"ECK120009852";"astCp2";"reverse";"Sigma54";"tagcctccgccgtttatgcacttttatcactggctggcacgaaccctgcaatctacatttAcagcgcaaacattacttatt";"The expression of this promoter is induced in cells growing exponentially in  nitrogen-limited minimal medium <a href=""#myRef"" class=""linkBlue"">Fraley CD,1998</a>"
"ECK120009865";"rrsCp1";"forward";"Sigma32";"cagaaaattattttaaatttcctcttgtcaggccggaataactccctataatgcgccaccActgacacggaacaacggcaa";"Keener J. and Nomura M. (1996). Regulation of Ribosome Synthesis, in: Neidhardt, F. (Editor in Chief) et al., <i>E. coli</i> and <i>Salmonella</i>. Cellular and Molecular Biology. ASM Press, Washington, D.C., p. 1417-1431.<br>Although the organization and sequence of the seven major ribosomal RNA (rRNA) P1 promoters are  highly conserved, the upstream region differs considerably in its regulation, with different transcription factor affinities for the individual upstream regions and strikingly different architectures of the resulting DNA-protein complexes that form with the individual rRNA operon upstream regions <a href=""#myRef"" class=""linkBlue"">Hillebrand A,2005</a><br>The <i>rrsC</i>p1 promoter is also recognized by &sigma;<sup>32</sup>, which shows a -35 box, spacer, and -10 box,CGGAAT-14-CGCCAC, based on similarity to the consensus sequence of the set of known functional promoters for this &sigma; factor, for which there is strong experimental evidence: high homology; score, 7.24; <i>P</i>-value, 2.35e05."
"ECK120009884";"ftsAp1";"forward";"Sigma70";"ctgatgaattgaagattcatctggttgaatatgtgccgattgcgcggtggaatgatcaacAtatggtagacgcggaaggaa";"ftsAp1 contributes about 1% of the <i>ftsZ</i> transcription."
"ECK120009897";"nanAp";"reverse";"Sigma70";"agatcgcattataagctttctgtatggggtgttgcttaattgatctggtataacaggtatAaaggtatatcgtttatcaga";"NULL"
"ECK120009898";"dcuCp";"reverse";"NULL";"ccaaccgctaaatatgcgttttgttatctatgtataaaaacagcaacttcaatgtcttaaTggcagtttttcttgatttta";"NULL"
"ECK120009899";"asrp";"forward";"Sigma38";"gttacacgctgaaaccaaccactcacggaagtctgccattcccagggatatagttatttcAacggccccgcagtggggtta";"NULL"
"ECK120009900";"fxsAp";"forward";"Sigma32";"ctaccaaaaatagttgcgcaaacatcttgaaattttgctaatgaccacaatataagctaaAcgcgattcgcaacccattca";"NULL"
"ECK120009901";"pthp";"reverse";"Sigma70";"tatctgcatttgatacgcagttttttgtcaagcggggccgcaaccagtaaactacgcgccAgttatgtacacactcaggac";"NULL"
"ECK120009905";"pspFp1";"reverse";"Sigma70";"tatctttttgatttataaagatctgattgaagaatcaacagcaacatgccaggatgagttAgcgaattacactaacaagtg";"Evolutionary studies have shown that none of the three promoters transcribing the gene <i>pspF</i> reveal a conserved profile beyond enterobacteria <a href=""#myRef"" class=""linkBlue"">Huvet M,2011</a>"
"ECK120009907";"pspFp3";"reverse";"Sigma70";"caaagcgagaaaaaatacccataatgttgtcctcttgatttctgcgttcaggattgtcctGctgaactgttaatacaattt";"Evolutionary studies have shown that none of the three promoters transcribing the gene <i>pspF</i> reveal a conserved profile beyond enterobacteria <a href=""#myRef"" class=""linkBlue"">Huvet M,2011</a>"
"ECK120009908";"cusCp";"forward";"Sigma70";"tgacaattttgtcatttttctgtcaccggaaaatcagagcctggcgagtaaagttggcggCataaaatcaccagaaattat";"NULL"
"ECK120009909";"cusRp";"reverse";"Sigma70";"aaaattgtcattttgccaataagcgattgccatctgatcccgctactctagaattgcccgGgcaacatgcggaggaaatat";"NULL"
"ECK120009945";"trxCp";"forward";"Sigma70";"atcatacctattgaataaaacagattgttgtctggaacaatgtccccgataatatgtaacAtattagaaacataccggcgt";"NULL"
"ECK120009946";"ybaSp";"forward";"NULL";"ggattagacatttatctctttgttttcctgtagttaagttgcgggtgctaagttaaatcaGgatgcctgaaaatcggcacc";"NULL"
"ECK120009947";"cueOp";"forward";"NULL";"tcgattaaattgtgtctgcggcttgaccttcccgtaaggggaaggactatgctcaacgttTgattttgtttcgcctgctta";"This promoter has a putative transcription start site."
"ECK120009974";"prpBp";"forward";"Sigma54";"tgaaattaaacatttaattttattaaggcaattgtggcacaccccttgctttgtctttatCaacgcaaataacaagttgat";"We assigned a putative transcription start site to this promoter based on the observation that the majority of the &sigma;<sup>54</sup>-dependent promoters, whose transcription start sites were determined experimentally, present a distance of 11 nucleotides between the transcription start site and the -12 box <a href=""#myRef"" class=""linkBlue"">Barrios H,1999</a>."
"ECK120009983";"nhaAp2";"forward";"Sigma38";"tacttttcctaattaatccctcaggaatcctcaccttaagctatgattatctaggcttagGgtcactcgtgagcgcttaca";"NULL"
"ECK120009999";"fadDp";"reverse";"Sigma70";"cgcttcgcaaccttttcgttgggtaattatcaagctggtatgatgagttaatattatgttAacggcatgtatatcatttgg";"The <i>fadD</i>p promoter is significantly affected by ectopic production of a nanoRNase during stationary-phase growth <a href=""#myRef"" class=""linkBlue"">Vvedenskaya IO,2012</a>"
"ECK120010004";"yidQp";"forward";"Sigma24";"ccagaacacccatcaggcgcgtcctcatcggctacgatgtaaaaatgggtctggaaatgaActtttcaagccttatcagcg";"NULL"
"ECK120010021";"norVp";"forward";"Sigma54";"ttatttatagagtaaaaacaatcagataaaaaactggcacgcaatctgcaattagcaagaCatctttttagaacacgctga";"This promoter was identified by microarray assays with a mutant &sigma;<sup>54</sup> strain and a &sigma;<sup>54</sup>-overexpressing strain, and by &sigma;<sup>54</sup>-related promoter element identification <a href=""#myRef"" class=""linkBlue"">Zhao K,2010</a><br>We assigned a putative transcription start site to this promoter based on the observation that the majority of the &sigma;<sup>54</sup>-dependent promoters, whose transcription start sites were determined experimentally, present a distance of 11 nucleotides between the transcription start site and the  -12 box <a href=""#myRef"" class=""linkBlue"">Barrios H,1999</a>.<br>"
"ECK120010036";"zntAp";"forward";"Sigma70";"ctcgctgtatctctgataaaacttgactctggagtcgactccagagtgtatccttcggttAatgagaaaaaacttaaccgg";"NULL"
"ECK120010040";"lacZp3";"reverse";"NULL";"aattaatgtgagttagctcactcattaggcaccccaggctttacactttatgcttccggcTcgtatgttgtgtggaattgt";"NULL"
"ECK120010041";"lacZp2";"reverse";"NULL";"gcaacgcaattaatgtgagttagctcactcattaggcaccccaggctttacactttatgcTtccggctcgtatgttgtgtg";"NULL"
"ECK120010042";"lacZp4";"reverse";"NULL";"cgggcagtgagcgcaacgcaattaatgtgagttagctcactcattaggcaccccaggcttTacactttatgcttccggctc";"NULL"
"ECK120010051";"hdeDp";"forward";"Sigma70";"taggaaatttttattaaatcgactgcattcttagacgcgtttttggcatagattgatagcAggggattttcttcttaattt";"<br> <br>"
"ECK120010058";"groSp";"forward";"Sigma32";"cagaattttttttctttttcccccttgaaggggcgaagcctcatccccatttctctggtcAccagccgggaaaccacgtaa";"NULL"
"ECK120010089";"gadYp";"forward";"Sigma38";"atagcttatgtttataaaaaaatggctgatcttatttccagtaaaagttatatttaacttActgagagcacaaagtttccc";"Three alternative 5' ends of GadY (105, 90, and 59 nucleotides) were identified by primer extension. <i>gadY</i> (90) and <i>gadY</i> (59) are believed to be processed forms of the full-length 105-nucleotide transcript due to the fact that the expression of all three forms was eliminated when Opdyke et al. (2004) mutated the promoter of the full-length RNA."
"ECK120010100";"cstAp1";"forward";"NULL";"tcaactccgatttacatggttgctgtgttgttaaattgtacaaagatgttatagaaacaaAatgtaacatctctatggaca";"NULL"
"ECK120010103";"cspIp";"reverse";"NULL";"gtgtttttctttacaaaagtaatccttgctatgggtggttaatcatgcgttaatggtgttCtggtttgttacaaatttatc";"NULL"
"ECK120010107";"alkAp";"reverse";"Sigma38";"tcgcgacaaccggaatatgaaagcaaagcgcagcgtctgaataacgtttatgctgaaagcGgatgaataaggagatgcgat";"&sigma;<sup>70</sup> is the sigma factor principally responsible for the <i>alkA</i> transcription. However <i>alkA</i> is highly dependent on alternative factor &sigma;<sup>38</sup> (RpoS) during the stationary phase. In contrast, the transcription factor Ada in its methylated state negatively regulates &sigma;<sup>38</sup>-dependent transcription <a href=""#myRef"" class=""linkBlue"">Landini P,1999</a>. <br>E&sigma;<sup>S</sup> is more efficient than E&sigma;<sup>70</sup> in carrying out transcription from the <i>alkA</i> promoter in the absence of Ada (Ada is a repressor for E&sigma;<sup>S</sup>) <a href=""#myRef"" class=""linkBlue"">Landini P,1999</a>"
"ECK120010108";"araBp";"reverse";"Sigma70";"ccataagattagcggatcctacctgacgctttttatcgcaactctctactgtttctccatAcccgtttttttggatggagt";"NULL"
"ECK120010114";"cyaAp";"forward";"Sigma70";"tacacttgtatgtagcgcatctttctttacggtcaatcagcaaggtgttaaattgatcacGttttagaccattttttcgtc";"NULL"
"ECK120010116";"deoCp2";"forward";"Sigma70";"gatttccttaattgtgatgtgtatcgaagtgtgttgcggagtagatgttagaatactaacAaactcgcaaggtgaatttta";"NULL"
"ECK120010123";"galEp2";"reverse";"Sigma70";"taaacgattccactaatttattccatgtcacacttttcgcatctttgttatgctatggttAtttcataccataagcctaat";"The <i>galETKM</i> operon is transcribed from three promoters, <i>galE</i>p1, <i>galE</i>p2, and <i>galE</i>p3. <br><i>galE</i>p2 is predominantly expressed when cAMP-CRP is absent, leading to expression of the <i>galE</i> gene and very little <i>galK</i> (natural polarity) <a href=""#myRef"" class=""linkBlue"">Horvath P,2010</a> On the other hand, in the presence of cAMP-CRP, the <i>galE</i>p1 promoter leads to equimolar expression of all the structural genes, while <i>galE</i>p2 transcription is inhibited <a href=""#myRef"" class=""linkBlue"">Guidi-Rontani C,1984. Ullmann A,1979. Horvath P,2010</a><br>It appears that the <i>galE</i>p2 transcript may serve anabolic requirements, while <i>galE</i>p1 may provide for catabolism of D-galactose as a carbon source <a href=""#myRef"" class=""linkBlue"">Horvath P,2010</a><br>Repression of <i>galE</i>p2 requires tetramerization of GalR, which is mediated by HU forming a complex called a repressome <a href=""#myRef"" class=""linkBlue"">El Qaidi S,2008</a>and references therein|.<br><i>galE</i>p2 is the main promoter during stationary phase, since it produces 70% of the total <i>galE</i> transcripts <a href=""#myRef"" class=""linkBlue"">Ji SC,2011</a><br><i>galE</i>p1 transcription is downregulated earlier than <i>galE</i>p2 transcription at the end of the exponential growth phase <a href=""#myRef"" class=""linkBlue"">Ji SC,2011</a>"
"ECK120010125";"glpABCp";"forward";"Sigma70";"aatgttcaaaatgacgcatgaaatcacgtttcactttcgaattatgagcgaatatgcgcgAaatcaaacaattcatgtttt";"NULL"
"ECK120010129";"kdpFp";"reverse";"Sigma70";"tttacaccccgcccgcagatttttgcgaaatctttgcagccagaattctacccttccggtAtcacttttaggccactggag";"NULL"
"ECK120010130";"lacZp1";"reverse";"Sigma70";"gctcactcattaggcaccccaggctttacactttatgcttccggctcgtatgttgtgtggAattgtgagcggataacaatt";"<i>lac</i> operon expression was studied during diauxic shift; although it was supposed to be under &sigma;<sup>S</sup> control (as &sigma;<sup>S</sup> is the main sigma factor for cell adaptation during this change), no &sigma;<sup>S</sup> site has been found in this promoter, nor is there a reported correlation of <i>lac</i> expression with &sigma;<sup>S</sup> WT or deleted <a href=""#myRef"" class=""linkBlue"">Fischer D,1998</a><br>Insulation of the <i>lac</i> promoter was tested by Sasson et al. in 2012 <a href=""#myRef"" class=""linkBlue"">Sasson V,2012</a> In that study, activators showed better insulation at high expression levels and repressors showed better insulation at low expression levels, following Savageau's rule,  in which <i>Escherichia coli</i> genes that are needed often in the natural environment tend to be regulated by activators and those genes that are rarely needed are regulated by repressors <a href=""#myRef"" class=""linkBlue"">Savageau MA.,1974. Sasson V,2012</a>"
"ECK120010131";"lexAp";"forward";"Sigma70";"ctctggtttattgtgcagtttatggttccaaaatcgccttttgctgtatatactcacagcAtaactgtatatacacccagg";"NULL"
"ECK120010132";"malEp";"reverse";"Sigma70";"cggtggggcgtaggggcaaggaggatggaaagaggttgccgtataaagaaactagagtccGtttaggtgttttcacgagca";"NULL"
"ECK120010133";"malKp";"forward";"Sigma70";"ccataaaaaagccagggggtggaggatttaagccatctcctgatgacgcatagtcagcccAtcatgaatgttgctgtcgat";"NULL"
"ECK120010138";"nrdAp";"forward";"Sigma70";"ttcctgagttatccacaaagttatgcacttgcaagagggtcattttcacactatcttgcaGtgaatcccaaacataccccc";"NULL"
"ECK120010140";"ompCp1";"reverse";"Sigma70";"cttaaaagttttagtatcatattcgtgttggattattctgcatttttggggagaatggacTtgccgactgattaatgaggg";"OmpR transcriptional factor cooperatively binds to the sites of the upstream regions from the ompCp1 promoter in a discontinuous  galloping  manner, as described by <a href=""#myRef"" class=""linkBlue"">Yoshida T,2006</a>"
"ECK120010141";"rhaSp";"forward";"Sigma70";"tacgtggttttccgtcgaaaatttaaggtaagaacctgacctcgtgattactatttcgccGtgttgacgacatcaggaggc";"NULL"
"ECK120010143";"sulAp";"reverse";"Sigma70";"cgaggctctttccgaaaatagggttgatctttgttgtcactggatgtactgtacatccatAcagtaactcacaggggctgg";"NULL"
"ECK120010144";"trpLp";"reverse";"Sigma70";"tggcaaatattctgaaatgagctgttgacaattaatcatcgaactagttaactagtacgcAagttcacgtaaaaagggtat";"NULL"
"ECK120010147";"ahpCp";"forward";"Sigma70";"atcgatttgataatggaaacgcattagccgaatcggcaaaaattggttaccttacatctcAtcgaaaacacggaggaagta";"NULL"
"ECK120010152";"fadLp";"forward";"Sigma38";"tttgaaaaaagatagaaacatacttgcaacattccagctggtccgacctatactctcgccActggtctgatttctaagatg";"This promoter is repressed by high osmolarity. These promoter is also regulated by catabolite repression in <i>fadR</i> mutants."
"ECK120010168";"cydAp1";"forward";"Sigma70";"ttgatatttatcaatgtataagtcttggaaatgggcatcaaaaagagataaattgttctcGatcaaattggctgaaaggcg";"NULL"
"ECK120010182";"betTp";"forward";"Sigma70";"tttatctattaaagcggttattgattggacgttcaatataaaatgtgtcttaattgttacGaatttgattttaaatagtaa";"This promoter displays  similarity in the region upstream  of the -10 box to the <i>proU</i> promoter, including  a TG motif at -14 and -15. This motif is important for <i>proU</i> expression."
"ECK120010205";"cysPp";"reverse";"Sigma70";"accaaacggtatataaaaccgttactcctttcacgtccgttataaatatgatggctattaGaaagtcattaaatttataag";"NULL"
"ECK120010211";"hycAp";"reverse";"Sigma54";"ttaaaaatctctttaataacaataaattaaaagttggcacaaaaaatgcttaaagctggcAtctctgttaaacgggtaacc";"NULL"
"ECK120010212";"hypAp";"forward";"Sigma54";"catcgacattattcaccgcagggataatcaacactggcacaattattgcttgtagctggcAatagttaatgggaggcgata";"Based on primer extension <i>hypA</i> and <i>hypB</i> promoters have similar activities <a href=""#myRef"" class=""linkBlue"">Hopper S,1994</a>."
"ECK120010216";"ndhp";"forward";"Sigma70";"aacttgattaacatcaattttggtatgaccaatgcaccattcatgttattctcaatagcgAagaacattttcattgctgta";"Like pdhRp, ndhp and cyoAp are repressed by PdhR and derepressed by the addition of pyruvate <a href=""#myRef"" class=""linkBlue"">Ogasawara H,2007</a>"
"ECK120010218";"aspAp";"reverse";"Sigma70";"accgacacttaaagtgatccagattacggtagaaatcctcaagcagcatatgatctcgggTattcggtcgatgcaggggat";"NULL"
"ECK120010219";"fruBp";"reverse";"Sigma70";"aaacttttgctcataactttacggctttccttgcgtgctgaaacagaagtattatgctttCttgaaacgtttcagcgcgat";"NULL"
"ECK120010220";"ppsp";"reverse";"Sigma70";"tatatttgcttgaacgattcaccgtttttttcatccggttaaatatgcaaagataaatgcGcagaaatgtgtttctcaaac";"NULL"
"ECK120010230";"glnHp2";"reverse";"Sigma54";"gccgcatctcgaaaaatcaaggagttgcaaaactggcacgattttttcatatatgtgaatGtcacgcaggggatcgtcccg";"NULL"
"ECK120010234";"dpsp";"reverse";"Sigma70";"attagtgtgataggaacagccagaatagcggaacacatagccggtgctatacttaatctcGttaattactgggacataaca";"Results suggest that the <i>dps</i> promoter is recognized by both  the &sigma;<sup>70</sup> holoenzyme and &sigma;<sup>S</sup> holoenzyme, since OxyR acts on &sigma;<sup>70</sup>, and in addition the starts of the OxyR-dependent and the &sigma;<sup>S</sup>-dependent transcripts are identical.  This promoter displays an unusual form of regulation. If cells are treated with hydrogen peroxide during exponential growth, <i>dps</i> transcription is induced by OxyR, which activates &sigma;<sup>70</sup> RNA polymerase. Surprisingly, the same promoter is also  activated by IHF and &sigma;<sup>S</sup> at the onset of the stationary phase. It is assumed that both OxyR and IHF bind upstream of the <i>dps</i> promoter  and that the mechanisms of activation act independently of each other.  The promoter has a a sequence that conforms to the consensus -10, but no obvious -35 sequence is present. Possibly, the <i>dps</i>  promoter is  not ideally bound by either holoenzyme, leading to the need for  IHF to enhance the binding of &sigma;<sup>S</sup> RNA polymerase and of OxyR to enhance the binding  of &sigma;<sup>70</sup> RNA polymerase. <br>The <i>dpS</i> gene is positively regulated by RpoS in stationary phase, and it is mainly controlled at the level of transcription <a href=""#myRef"" class=""linkBlue"">Phadtare S,2001</a>. The effect by RpoS is likely indirect and might be mediated by an intermediate regulator that itself is directly regulated by RpoS.  Phadtare  et al. (2001) found that CspC and CspE upregulate the expression of <i>dps</i> by regulating the expression of RpoS itself <a href=""#myRef"" class=""linkBlue"">Phadtare S,2001</a>. <br>Fis and H-NS control &sigma; factor selection at the <i>dps</i> promoter <a href=""#myRef"" class=""linkBlue"">Grainger DC,2008</a>"
"ECK120010238";"umuDp";"forward";"Sigma70";"gacaaatattgatagcctgaatcagtattgatctgctggcaagaacagactactgtatatAaaaacagtataacttcaggc";"NULL"
"ECK120010245";"marRp";"forward";"Sigma70";"cgtggcatcggtcaattcattcatttgacttatacttgcctgggcaatattatcccctgcAactaattacttgccagggca";"The <i>marRAB</i> promoter has two pairs of direct repeat (DR) elements nearby."
"ECK120010251";"nhaAp1";"forward";"Sigma70";"aattattcctacactataatctgattttaacgatgattcgtgcggggtaaaatagtaaaaAcgatctattcacctgaaaga";"nhaAp1 is the Na<sup>+</sup> sensitive promoter"
"ECK120010257";"wzap";"reverse";"Sigma70";"atagccaattaccgaattgttatcttgcctgctattccgttagctgtaacacttcctcctGcattattggaaagccaatat";"Although no obvious &sigma;<sup>70</sup> promoter region has been found, two good -10 region have been detected. This start site shows that the two best -10 regions are not used and the actual -35 and -10 regions of this operon may well be TTGCCT and AACACT. These sequences have four and three of six matches, respectively, to the consensus promoter sites."
"ECK120010260";"ftsQp1";"forward";"Sigma38";"tactcggtgaagaaattttaccgtcaatacgtattcaaccgtccggaaccttctatgattAtgaggcgaagtatctctctg";"The ftsQp1 promoter belongs to the class of gearbox promoters and it is strongly induced in stationary phase."
"ECK120010261";"soxSp";"reverse";"Sigma70";"taatttcttttccataaatcgctttacctcaagttaacttgaggaattatactccccaacAgatgaattaacgaactgaac";"The <i>soxS</i> promoter is induced by the presence of salicylate <a href=""#myRef"" class=""linkBlue"">Jain K,2016</a>"
"ECK120010262";"torCp";"forward";"Sigma70";"gccgtaagccgttcatcctgaccagtgccgctgttcatatttgctcattaagatcgcttcActaaaccataattctacagg";"NULL"
"ECK120010264";"rhaBp";"reverse";"Sigma70";"gcccattttcctgtcagtaacgagaaggtcgcgaattcaggcgctttttagactggtcgtAatgaaattcagcaggatcac";"NULL"
"ECK120010268";"glnAp2";"reverse";"Sigma54";"gcatgataacgccttttaggggcaatttaaaagttggcacagatttcgctttatctttttTacggcgacacggccaaaata";"NULL"
"ECK120010270";"gntKp";"reverse";"Sigma70";"cttatacacttaaggcatggatggatattgcttctgatattgtccggctggacaatgttaCcgataacagttacccgtaac";"Transcription from the gntKp promoter seems to be attenuated at the potential stem-loop structure in front of the <i>gntU</i> gene."
"ECK120010272";"dnaKp1";"forward";"Sigma32";"gcacaaaaaatttttgcatctcccccttgatgacgtggtttacgaccccatttagtagtcAaccgcagtgagtgagtctgc";"Transcripts from dnaKp1 and dnaKp2 are the major products of <i>in vitro</i> transcription of the <i>dnaKJ</i> operon by &sigma;<sup>32</sup>. This sigma holoenzyme transcribes dnaKp3 poorly."
"ECK120010273";"dnaKp2";"forward";"Sigma32";"gtctgcaaaaaaatgaaattgggcagttgaaaccagacgtttcgcccctattacagactcAcaaccacatgatgaccgaat";"Transcripts from dnaKp1 and dnaKp2 are the major products of <i>in vitro</i> transcription of the <i>dnaKJ</i> operon by &sigma;<sup>32</sup>. This sigma holoenzyme transcribes dnaKp3 poorly."
"ECK120010274";"dapBp1";"forward";"Sigma70";"atttctaattatcagcgtttttggctggcggcgtagcgatgcgctggttactctgaaaacGgtctatgcaaattaacaaaa";"In the <i>argO</i> and <i>dapB</i> promoters, the lysine repression of ArgP-dependent transcription between <i>argO</i> and <i>dapB</i> is apparently different. In the dapBp1 promoter, lysine prevents binding of ArgP <a href=""#myRef"" class=""linkBlue"">Bouvier J,2008</a> whereas in the <i>argO</i> promoter, lysine traps RNA polymerase recruitment by ArgP <a href=""#myRef"" class=""linkBlue"">Laishram RS,2007</a>."
"ECK120010291";"lacIp";"reverse";"NULL";"catttacgttgacaccatcgaatggcgcaaaacctttcgcggtatggcatgatagcgcccGgaagagagtcaattcagggt";"NULL"
"ECK120010296";"htpGp1";"forward";"Sigma32";"acgagagcaggatcacctgctctcgcttgaaattattctcccttgtccccatctctcccaCatcctgtttttaaccttaaa";"NULL"
"ECK120010297";"htpGp2";"forward";"Sigma32";"ggatcacctgctctcgcttgaaattattctcccttgtccccatctctcccacatcctgttTttaaccttaaaatggcatta";"NULL"
"ECK120010299";"fesp";"forward";"Sigma70";"cttcccacggcgcgccattacgctattgcaaatgcaaatagttatcaataatattatcaaTatatttctgcaatcaatgaa";"NULL"
"ECK120010302";"glnSp1";"forward";"NULL";"gattatcaattttaaaaaactaacagttgtcagcctgtcccgcttataagatcatacgccGttatacgttgtttacgcttt";"NULL"
"ECK120010328";"lpp";"forward";"NULL";"aagtgccttcccatcaaaaaaatattctcaacataaaaaactttgtgtaatacttgtaacGctacatggagattaactcaa";"NULL"
"ECK120010351";"micFp";"forward";"Sigma70";"aagtatttgacagcactgaatgtcaaaacaaaaccttcactcgcaactagaataactcccGctatcatcattaactttatt";"The micFp promoter is situated within the <i>micF</i> structural gene, which controls a new species of <i>micF</i> RNA (4.5 S). The <i>micF</i> gene encodes a nontranslated 93-nt antisense RNA (6 S)."
"ECK120010355";"fabBp";"reverse";"Sigma70";"ttctctattaaatggctgatcggacttgttcggcgtacaagtgtacgctattgtgcattcGaaacttactctatgtgcgac";"NULL"
"ECK120010360";"dapAp";"reverse";"Sigma70";"aacaatcagaacggttctgtctgcttgcttttaatgccataccaaacgtaccattgagacActtgtttgcacagaggatgg";"While lysine and the growth rate do not affect the dapAp promoter, the metabolite diaminopimelic acid regulates this promoter negatively. However, it is not known if this regulation is direct or through a transcription factor <a href=""#myRef"" class=""linkBlue"">Jovanovic M,2003</a>"
"ECK120010367";"grpEp";"reverse";"Sigma32";"gattgatgacaatgtgagtgcttcccttgaaaccctgaaactgatccccataataagcgaAgttagcgagatgaatgcgaa";"There is  the possibility  that this gene may also be transcribed by the RNA polymerase &sigma;<sup>70</sup> holoenzyme."
"ECK120010369";"proVp2";"forward";"Sigma70";"tttgtggtgatctacactgatactctgttgcattattcgcctgaaaccacaatattcaggCgttttttcgctatctttgac";"NULL"
"ECK120010370";"proVp3";"forward";"Sigma70";"ttcatgccacatttgccatcaggggttgcctcagattctcagtatgttagggtagaaaaaAgtgactatttccattgggta";"NULL"
"ECK120010377";"ansBp1";"reverse";"NULL";"tgttacctgcctctaactttgtagatctccaaaatatattcacgttgtaaattgtttaacGtcaaatttcccatacagagc";"NULL"
"ECK120010384";"rpoDp3";"forward";"Sigma32";"cgtggtacaaataatgctgccacccttgaaaaactgtcgatgtgggacgatatagcagatAagaatattgctgagcaaacc";"The rpoDp3  promoter  is an internal promoter to the <i>rpsU-dnaG-rpoD</i> operon, and it is located in the C terminus of the <i>dnaG</i> gene. The activity of this rpoDp3 promoter is induced by heat shock."
"ECK120010391";"rpsJp";"reverse";"Sigma70";"aggctgtttactttactagcaatacgcttgcgttcggtggttaagtatgtataatgcgcgGgcttgtcgtagttgacagca";"NULL"
"ECK120010396";"ugpBp2";"reverse";"Sigma70";"ttccctcacccacgccgtcaccgccttgtcatctttctgacaccttactatcttacaaatGtaacaaaaaagttatttttc";"NULL"
"ECK120010399";"cspAp1";"forward";"Sigma70";"aatcataaatatgaaaaataattgttgcatcacccgccaatgcgtggcttaatgcacatcAacggtttgacgtacagacca";"NULL"
"ECK120010400";"cspAp2";"forward";"Sigma70";"atgcacatcaacggtttgacgtacagaccattaaagcagtgtagtaaggcaagtcccttcAagagttatcgttgatacccc";"NULL"
"ECK120010403";"gyrBp";"reverse";"Sigma70";"atagacatgtcggacgaaaattcgaagatgtttaccgtggaaaagggtaaaataacggatTaacccaagtataaatgagcg";"NULL"
"ECK120010410";"dnaAp2";"reverse";"Sigma70";"ataaatcgggaaaatctgtgagaaacagaagatctcttgcgcagtttaggctatgatccgCggtcccgatcgttttgcagg";"NULL"
"ECK120010411";"dnaAp1";"reverse";"NULL";"ttttccaatatgcggcgtaaatcgtgcccgcctcgcggcaggatcgtttacacttagcgaGttctggaaagtcctgtggat";"NULL"
"ECK120010445";"ampCp";"reverse";"Sigma70";"tacggtctggctgctatcctgacagttgtcacgctgattggtgtcgttacaatctaacgcAtcgccaatgtaaatccggcc";"NULL"
"ECK120010456";"ibpAp";"reverse";"Sigma32";"tgcaaaaaaaagtccgctgataaggcttgaaaagttcatttccagacccatttttacatcGtagccgatgaggacgcgcct";"NULL"
"ECK120010471";"bolAp1";"forward";"Sigma38";"aacctaaatatttgttgttaagctgcaatggaaacggtaaaagcggctagtatttaaaggGatggatgacatctcagcgtt";"NULL"
"ECK120010473";"osmYp";"forward";"Sigma70";"ttgcttatgttttcgctgatatcccgagcggtttcaaaattgtgatctatatttaacaaaGtgatgacatttctgacggcg";"<i>osmY</i> is activated by potassium glutamate but only when &sigma;<sup>S</sup> is used. &sigma;<sup>70</sup> and &sigma;<sup>S</sup> recognize the osmYp at low osmolarity, but only &sigma;<sup>S</sup> activates this promoter at high osmolarity. This promoter is not a gearbox promoter.<br> <br>The <i>osmY</i> gene is positively regulated by RpoS in stationary phase and it is mainly controlled at the level of transcription <a href=""#myRef"" class=""linkBlue"">Phadtare S,2001</a>. The effect by RpoS is likely indirect and might be mediated by an intermediate regulator that itself is directly regulated by RpoS. Phadtare  et al. found that CspC and CspE upregulate the expression of <i>dps</i> by regulating the expression of RpoS itself <a href=""#myRef"" class=""linkBlue"">Phadtare S,2001</a>."
"ECK120010479";"csgBp";"forward";"Sigma38";"aagaaaaatacaacgcgcgggtgagttattaaaaatatttccgcagacatactttccatcGtaacgcagcgttaacaaaat";"Of the transcriptional start site of this promoter, an AT-rich upstream activation sequence was determined that is required for transcriptional activation during entry into stationary phase; it is positioned between -98 and -54 with respect to the transcriptional start point. There are two transcripts in the <i>csgBA</i> operon; one primary transcript is initiated from the <i>csgB</i> promoter, which is differentially degraded to give a shorter transcript corresponding to the <i>csgA</i> gene. Crl is a new thermosensor identified in the <i>Escherichia coli</i> RpoS regulon which interacts directly with &sigma;<sup>S</sup>, promoting the binding of E&sigma;<sup>S</sup> to the csgBp promoter <a href=""#myRef"" class=""linkBlue"">Bougdour A,2004</a>"
"ECK120010518";"hypBp";"forward";"NULL";"gccttttgttttgatctggtttgccgcggcagcgtggcggaaggttgtaaactgcacctcGaagaacaagaggccgaatgc";"This promoter initiates within the <i>hypA</i> gene and is only transcribed under nonfermentative conditions, i.e., when the &sigma;<sup>54</sup> hypAp is silent. It facilitates the formation of hydrogenases 1 and 2 under H2 uptake conditions. It is an internal promoter."
"ECK120010521";"gapAp1";"forward";"Sigma70";"gtcgcaatgattgacacgattccgcttgacgctgcgtaaggtttttgtaattttacaggcAaccttttattcactaacaaa";"gapAp1 utilization is very strong at the beginning of the exponential phase and seems to depend upon growth phase. Glucose stimulates the gapAp1 activity."
"ECK120010532";"uppp";"reverse";"Sigma70";"ttttgactaaagtcaacgaaaagaatattgccgccttgaagaaaggaggtataatccgtcGattttttttgtggctgcccc";"The initially transcribed <i>upp</i> region contains the sequence GATTTTTTTTG. Regulation involving reiterative transcription appears to be completely eliminated when the T/A tract contains three or fewer base pairs."
"ECK120010541";"hyaAp";"forward";"Sigma70";"aaaagataaatccacacagtttgtattgttttgtgcaaaagtttcactacgctttattaaCaatactttctggcgacgtgc";"The <i>hyaA</i> promoter does not have much similarity to the consensus -10 and -35 promoter sequences for &sigma;<sup>70</sup>, as shown by <a href=""#myRef"" class=""linkBlue"">Richard DJ,1999</a>. But, as reported in <a href=""#myRef"" class=""linkBlue"">Atlung T,1997</a>, a correlation with &sigma;<sup>38</sup> and <i>hya</i> operon expression has been proved under different conditions, so the promoter seems to be &sigma;<sup>38</sup>.<br>"
"ECK120010546";"creAp";"forward";"Sigma70";"ttagggcttgacggaaataaaagtattgagattttgttcttaatcaatatgttatttaccGtgacgaactaattgctcgtg";"NULL"
"ECK120010548";"fecAp";"reverse";"Sigma19";"tggataaacatttcaccactgtaaggaaaataattcttatttcgattgtcctttttacccTtctcgttcgactcatagctg";"NULL"
"ECK120010549";"soxRp";"forward";"Sigma70";"tctgcctcttttcagtgttcagttcgttaattcatctgttggggagtataattcctcaagTtaacttgaggtaaagcgatt";"Wu and Weiss <a href=""#myRef"" class=""linkBlue"">Wu J,1991</a> initially mapped the <i>soxR</i> transcription start site by primer extension to 218 bp upstream from the <i>soxR</i> gene.  Hidalgo et al. <a href=""#myRef"" class=""linkBlue"">Hidalgo E,1998</a> later determined a different transcription start site, shown here."
"ECK120010550";"ftsQp2";"forward";"Sigma38";"cagtgtgggaatgtcaaaagtagtagcagaaaatgctctacaagatgcattaagattggcAtttcagcacgatgaagaagt";"NULL"
"ECK120010556";"mprAp";"forward";"Sigma70";"gaatcatttttctaaaacaatacatttactttatttgtcactgtcgttactatatcggctGaaattaatgaggtcataccc";"NULL"
"ECK120010564";"cadBp";"reverse";"Sigma70";"tttgtgttatttcacctaatctttaggattaatccttttttcgtgagtaatcttatcgccAgtttggtctggtcaggaaat";"NULL"
"ECK120010568";"fliAp2";"reverse";"Sigma28";"acccactaatcgtccgattaaaaaccctgcagaaacggataatcatgccgataactcataTaacgcagggctgtttatcgt";"NULL"
"ECK120010572";"ompCp3";"reverse";"NULL";"cttaaaaagttcccttgcatttacattttgaaacatctatagcgataaatgaaacatcttAaaagttttagtatcatattc";"NULL"
"ECK120010573";"ompCp2";"reverse";"NULL";"cattttgaaacatctatagcgataaatgaaacatcttaaaagttttagtatcatattcgtGttggattattctgcattttt";"NULL"
"ECK120010606";"serTp";"reverse";"Sigma70";"tttcaggcaaacaaacaaattaggggtttacacgccgcatcgggatgtttatagtgcgcgTcattccggaagtgtggccga";"NULL"
"ECK120010608";"tyrTp";"reverse";"Sigma70";"cagttcatttttctcaacgtaacactttacagcggcgcgtcatttgatatgatgcgccccGcttcccgataagggagcagg";"The promoter contains a GC-rich discriminator element which can confer stringent regulation, and it is strongly dependent on negative supercoiling."
"ECK120010616";"proKp";"reverse";"Sigma70";"aggcattttgctattaagggattgacgagggcgtatctgcgcagtaagatgcgccccgcaTtcggtgattggcgcagcctg";"NULL"
"ECK120010634";"fliLp2";"forward";"Sigma28";"ccgcgtcttttccccgctttgttgcgctcaagacgcaggataattagccgataagcagtaGcgacacaggaagaccgcaac";"NULL"
"ECK120010637";"torRp";"reverse";"Sigma70";"aatgagcaaatatgaacagcggcactggtcaggatgaacggcttacggcagaatatgaacAgatatgaacagaatgagtaa";"NULL"
"ECK120010641";"copAp";"reverse";"Sigma70";"acccgcctggtttattaatttcttgaccttccccttgctggaaggtttaacctttatcacAgccagtcaaaactgtcttaa";"The promoter copAp is induced by copper <a href=""#myRef"" class=""linkBlue"">Petersen C,2000</a>"
"ECK120010657";"hybOp1";"reverse";"Sigma70";"attaattacactaatgcttcttcccttcgttttagcgccccgccgcagtatcatgatatcGataaccataataaatgtgtg";"<i>hybO</i>p1 was validated experimentally in anaerobic conditions <a href=""#myRef"" class=""linkBlue"">Chung D,2013</a>."
"ECK120010666";"lldPp";"forward";"Sigma70";"tttcccaattaaaactcacatcaatgttgccaatacataacatttagttaaccattcattGtcattatccctacacaacac";"lldPp was identified by Lynch and Lin (1996) <a href=""#myRef"" class=""linkBlue"">Lynch AS,1996</a>. It is 2 bp upstream of the one identified by Aguilera et al. (2008) <a href=""#myRef"" class=""linkBlue"">Aguilera L,2008</a>."
"ECK120010667";"fimAp";"forward";"Sigma70";"tttaacttattgataataaagttaaaaaaacaaataaatacaagacaattggggccaaacTgtccatatcataaataagtt";"<i>fimA</i> transcription is regulated by the growth phase. and its repression requires the alternative &sigma; factor, RpoS, during entry to stationary phase. Although the mechanism by which RpoS achieves negative control is unknown, it is possible that the effect on <i>fimA</i> is exerted indirectly <a href=""#myRef"" class=""linkBlue"">Dove SL,1997</a>."
"ECK120010685";"arsRp";"forward";"Sigma70";"cattcgttaagtcatatatgtttttgacttatccgcttcgaagagagacactacctgcaaCaatcaggagcgcaatatgtc";"NULL"
"ECK120010686";"caiFp";"forward";"Sigma70";"gatgacataagcaggatttagctcacacttatcgacggtgaagttgcatactatcgatatAtccacaattttaatatggcc";"NULL"
"ECK120010708";"gadAp";"reverse";"Sigma38";"tatttaaattaagcctgtaatgccttgcttccattgcggataaatcctacttttttattgCcttcaaataaatttaaggag";"&sigma;<sup>38</sup> factor is required for stationary phase induction but not  acid induction of the <i>gadA</i> promoter <a href=""#myRef"" class=""linkBlue"">Castanie-Cornet MP,2001</a>. <a href=""#myRef"" class=""linkBlue"">Waterman SR,2003</a> were able to detect transcripts of <i>gadA</i> in an <i>hns rpoS</i> double mutant, suggesting that the gadAp promoter can also be recognized by &sigma;<sup>70</sup>."
"ECK120010737";"poxBp";"reverse";"Sigma38";"ttagtgcctcctttctctcccatcccttccccctccgtcagatgaactaaacttgttaccGttatcacattcaggagatgg";"NULL"
"ECK120010742";"phoPp1";"reverse";"NULL";"tttacctcccctccccgctggtttatttaatgtttacccccataaccacataatcgcgttAcactattttaataattaaga";"NULL"
"ECK120010746";"xylAp";"reverse";"NULL";"tcaatagcagtgtgaaataacataattgagcaactgaaagggagtgcccaatattacgacAtcatccatcacccgcggcat";"NULL"
"ECK120010754";"xylFp";"forward";"NULL";"cgtaatcgaaagataaaaatctgtaattgttttcccctgtttagttgctaaaaattggttAcgtttatcgcggtgattgtt";"<i>xylF</i> is negatively regulated during entry into stationary phase. The effect by RpoS is likely indirect and might be mediated by an intermediate regulator that itself is directly regulated by RpoS <a href=""#myRef"" class=""linkBlue"">Xu J,1995</a>"
"ECK120010762";"nikAp1";"forward";"NULL";"gactgcccatctattgatccagaacaggtaatcagtatgacgaatacttaaaatcgtcatActtatttccgccatctattt";"NULL"
"ECK120010765";"zraPp";"reverse";"Sigma54";"gccagattacccgtcatatcagcgtttcatcgttggcacggaagatgcaatacccgaagtAagacaaccactggaggatta";"We assigned a putative transcription start site to this promoter based on the observation that the majority of the &sigma;<sup>54</sup>-dependent promoters, whose transcription start sites were determined experimentally, present a distance of 11 nucleotides between the transcription start site and the -12 box <a href=""#myRef"" class=""linkBlue"">Barrios H,1999</a>."
"ECK120010766";"zraSp";"forward";"Sigma54";"tgtgttacagcgcagggtaagcgctgataaaagatggcatgatttctgctgtcagaaaggGatgagcaggcaaagaagaag";"We assigned a putative transcription start site to this promoter based on the observation that the majority of the &sigma;<sup>54</sup>-dependent promoters, whose transcription start sites were determined experimentally, present a distance of 11 nucleotides between the transcription start site and the -12 box <a href=""#myRef"" class=""linkBlue"">Barrios H,1999</a>."
"ECK120010767";"hdeAp";"reverse";"Sigma38";"tctgattttgatattttccatcaacatgacatatacagaaaaccaggttataacctcagtGtcgaaattgattcgtgacgg";"The same transcriptional start site for this promoter is used in <i>hns rpoS</i> mutant strains as well as strains wild type for H-NS  and &sigma;<sup>38</sup>. This indicates that the same promoter can be utilized by both &sigma;<sup>38</sup> and &sigma;<sup>70</sup> <i>in vivo</i>. This promoter has significant homology to the consensus of a &sigma;<sup>70</sup> promoter even though it is dependent upon &sigma;<sup>38</sup> <a href=""#myRef"" class=""linkBlue"">Arnqvist A,1994</a>."
"ECK120010778";"adiYp";"reverse";"NULL";"atttatcctgtaaaaaaatatgtacatgagaaattactataaaaatttgtactattagtaAaactcgttatttttatgcat";"NULL"
"ECK120010879";"cpxPp";"forward";"Sigma70";"ctttacgttgttttacaccccctgacgcatgtttgcagcctgaatcgtaaactctctatcGttgaatcgcgacagaaagat";"NULL"
"ECK120010987";"aceBp";"forward";"Sigma70";"tatttttaattaaaatggaaattgtttttgattttgcattttaaatgagtagtcttagttGtgctgaacgaaaagagcaca";"NULL"
"ECK120010988";"araCp";"forward";"Sigma70";"caatgtggacttttctgccgtgattatagacacttttgttacgcgtttttgtcatggcttTggtcccgctttgttacagaa";"NULL"
"ECK120010992";"aroFp";"reverse";"Sigma70";"gtaaataaaaatgtacgaaatatggattgaaaactttactttatgtgttatcgttacgtcAtcctcgctgaggatcaacta";"A total of 554 promoter regions from <i>Escherichia coli</i> were aligned in order to analyze their sequence similarities.  <a href=""#myRef"" class=""linkBlue"">Mitchell JE,2003</a>focused on conservation, patterns, similarities, and differences between promoters with or without an extended -10 5'-TG-3' element and other conserved elements. They experimentally showed that, for several naturally occurring extended -10 promoters, the 5'-TRTG-3' motif is an important determinant for promoter activity. Eleven promoters were selected for further experimental study. Of those, the seven most active (<i>aroF</i> > <i>ompF</i> > <i>envA</i> > <i>purFp1</i> > <i>purEF</i> > <i>purMN</i> > <i>gyrA</i>) were investigated for the contribution of the extended -10 motif by changing the 5'-TG-3' element. Promoters with poor matches to the -10 and -35 consensus hexamers are more dependent on the 5'-TG-3' motif, and this plays a similar role on different promoters. The dinucleotide at -17 and -16 in <i>aroF</i>p results in similar patterns of activity, suggesting that these bases play a similar role on different promoters <a href=""#myRef"" class=""linkBlue"">Mitchell JE,2003</a>"
"ECK120010995";"aroLp";"forward";"Sigma70";"taaatgtaatttattatttacacttcattcttgaatatttattggtatagtaaggggtgtAttgagattttcactttaagt";"<i>aroL</i>p was validated experimentally in anaerobic conditions <a href=""#myRef"" class=""linkBlue"">Chung D,2013</a>."
"ECK120010999";"fhuAp";"forward";"Sigma70";"tgcgtaccgcttgcgaacccgccagcgtttcgaatattatcttatctttataataatcatTctcgtttacgttatcattca";"NULL"
"ECK120011001";"glpTQp";"reverse";"Sigma70";"atttaataatgtgtgcggcaattcacatttaatttatgaatgttttcttaacatcgcggcAactcaagaaacggcaggttc";"NULL"
"ECK120011005";"narGp";"forward";"Sigma70";"tccccatcactcttgatcgttatcaattcccacgctgtttcagagcgttaccttgcccttAaacattagcaatgtcgattt";"NULL"
"ECK120011006";"narKp1";"forward";"Sigma70";"ttatcttatcgtttgatttacatcaaattgcctttagctacagacactaaggtggcagacAtcgaaacgagtatcagaggt";"The activity of the narKp1 promoter is induced by anaerobiosis and nitrate <a href=""#myRef"" class=""linkBlue"">Bonnefoy V,1992</a>"
"ECK120011007";"nirBp";"forward";"Sigma70";"ataaaggtgaatttgatttacatcaataagcggggttgctgaatcgttaaggtaggcggtAatagaaaagaaatcgaggca";"Nitrate causes repression of the nirBp promoter in a NarL protein-dependent way, while the repression of the same promoter by nitrite is dependent on the NarL protein or the NarP protein <a href=""#myRef"" class=""linkBlue"">Stewart V,2003</a>"
"ECK120011008";"ompFp";"reverse";"Sigma38";"ctttatctttgtagcactttcacggtagcgaaacgttagtttgaatggaaagatgcctgcAgacacataaagacaccaaac";"Porin regulation by the CpxA-CpxR system and by the EnvZ-OmpR system converges at the porin promoters <a href=""#myRef"" class=""linkBlue"">Batchelor E,2005</a>. <br>The OmpR transcriptional factor cooperatively binds to the sites of the upstream regions from the ompFp promoter in a discontinuous  galloping  manner, as described by <a href=""#myRef"" class=""linkBlue"">Yoshida T,2006</a> <br>554 promoter regions from <i>Escherichia coli</i> were aligned in order to analyze their sequence similarities. Mitchell et al. (2003) <a href=""#myRef"" class=""linkBlue"">Mitchell JE,2003</a> focused on conservation, patterns, similarities, and differences between promoters with or without an extended -10 5'-TG-3' element and other conserved elements. They experimentally showed that, for several naturally occurring extended -10 promoters, the 5'-TRTG-3' motif is an important determinant for promoter activity. Eleven promoters were selected for further experimental study. Of those, the seven most active (<i>aroF > ompF > envA > purFp1 > purEF > purMN > gyrA</i>) were investigated for the contribution of the extended -10 motif by changing the 5'-TG-3' motif. Promoters with poor matches to the -10 and -35 consensus hexamers are more dependent on the 5'-TG-3' motif, and this plays a similar role on different promoters. The dinucleotide at -17 and -16 in aroFp results in similar patterns of activity, suggesting that these bases play a similar role on different promoters <a href=""#myRef"" class=""linkBlue"">Mitchell JE,2003</a>."
"ECK120011010";"phoAp";"forward";"Sigma70";"aaagttaatcttttcaacagctgtcataaagttgtcacggccgagacttatagtcgctttGtttttattttttaatgtatt";"NULL"
"ECK120011011";"phoBp";"forward";"Sigma70";"tgaagatatgtgcgacgagcttttcataaatctgtcataaatctgacgcataatgacgtcGcattaatgatcgcaacctat";"NULL"
"ECK120011019";"recAp";"reverse";"Sigma70";"cttgtggcaacaatttctacaaaacacttgatactgtatgagcatacagtataattgcttCaacagaacatattgactatc";"NULL"
"ECK120011020";"sodAp";"forward";"Sigma70";"tacgaaaagtacggcattgataatcattttcaatatcatttaattaactataatgaaccaActgcttacgcggcattaaca";"NULL"
"ECK120011027";"fadBp";"reverse";"Sigma70";"atcggcatttctttaatcttttgtttgcatatttttaacacaaaatacacacttcgactcAtctggtacgaccagatcacc";"NULL"
"ECK120011030";"malTp";"forward";"Sigma70";"cagacacataaaaaaacgtcatcgcttgcattagaaaggtttctggccgaccttataaccAttaattacgaagcgcaaaaa";"NULL"
"ECK120011031";"fabAp";"reverse";"Sigma70";"actggtttattccgaactgatcggacttgttcagcgtacacgtgttagctatcctgcgtgCttcaataaaataaggcttac";"NULL"
"ECK120011036";"gyrAp";"reverse";"Sigma70";"ggatgtgaataaagcgtataggtttacctcaaactgcgcggctgtgttataatttgcgacCtttgaatccgggatacagta";"A total of 554 promoter regions from <i>Escherichia coli</i> were aligned in order to analyze their sequence similarities. Mitchell et al. (2003) <a href=""#myRef"" class=""linkBlue"">Mitchell JE,2003</a>focused on conservation, patterns, similarities, and differences between promoters with or without an extended -10 5'-TG-3' element and other conserved elements. They experimentally show that, for several naturally occurring extended -10 promoters, the 5'-TRTG-3' motif is an important determinant for promoter activity. Eleven promoters were selected for further experimental study. Of those, the seven most active (<i>aroF</i> > <i>ompF</i> > <i>envA</i> > <i>purFp1</i> > <i>purEF</i> > <i>purMN</i> > <i>gyrA</i>) were investigated for the contribution of the extended -10 motif by changing the 5'-TG-3' motif. Promoters with poor matches to the -10 and -35 consensus hexamers are more dependent on the 5'-TG-3' motif, and this plays a similar role on different promoters. The dinucleotide at -17 and -16 in aroFp results in similar patterns of activity, suggesting that these bases play a similar role for different promoters <a href=""#myRef"" class=""linkBlue"">Mitchell JE,2003</a>"
"ECK120011038";"fdhFp";"reverse";"Sigma54";"cccgtaatatcagggaatgaccccacataaaatgtggcataaaagatgcatactgtagtcGagagcgcgtatgcgtgattt";"NULL"
"ECK120015389";"polBp";"reverse";"Sigma70";"gggcagtaatgactgtataaaaccacagccaatcaaacgaaaccaggctatactcaagccTggttttttgatggattttca";"We assigned a putative transcription start site to this promoter based on the observation that the majority of the promoters, whose transcription start sites were determined experimentally, present a distance of 6 nucleotides between the transcription start site and the -10 box. <a href=""#myRef"" class=""linkBlue"">Lewis LK,1992</a>predicted a potential <i>polB</i> promoter site (-35 and -10 regions) using three different computational search programs."
"ECK120015408";"rpsTp2";"reverse";"NULL";"taacggcgcttatttgcacaaatccattgacaaaagaaggctaaaagggcatattcctcgGcctttgaattgtccatatag";"The <i>rpsT</i> gene is transcribed by two promoters (rpsTp1 and rpsTp2) that can function independently  and additively <a href=""#myRef"" class=""linkBlue"">Mackie GA,1983</a>"
"ECK120015409";"lsrAp";"forward";"Sigma38";"atatgtgcaatgtccacctaaggttatgaacaaattaaaagcagaaatacatttgttcaaAactcacctgcaaaactgaac";"NULL"
"ECK120015415";"yiaGp";"forward";"Sigma38";"agccagagcatgccctgacttcaccccgctgtgtctgcttttcccgactattcttaatgaGcttcgatgcaattcacgatc";"NULL"
"ECK120015765";"recNp";"forward";"Sigma70";"aattattctaattttacgccagcctctttactgtatataaaaccagtttatactgtacacAataacagtaatggtttttca";"We assigned a putative transcription start site to this promoter based on the observation that the majority of the promoters, whose transcription start sites were determined experimentally, present a distance of 6 nucleotides between the transcription start site and the -10 box."
"ECK120015953";"cpxRp";"reverse";"Sigma38";"gggggtgtaaaacaacgtaaagtcatggattagcgacgtctgatgacgtaatttctgcctCggaggtatttaaacaatgaa";"De Wulf et al. in 1999 showed that transcription of <i>cpxR</i> is highly dependent on alternative factor &sigma;<sup>38</sup> (RpoS) during the stationary phase <a href=""#myRef"" class=""linkBlue"">De Wulf P,1999</a>. <br>We assigned a putative transcription start site to this promoter based on the observation that the majority of the promoters, whose transcription start sites were determined experimentally, present a distance of 6 nucleotides between the transcription start site and the -10 box."
"ECK120015955";"narKp2";"forward";"Sigma70";"cgctttacatcggtaagggtagggattttacagcaccgtgaaaaatctcataatttttatGaagtcactgtactcactatg";"The activity of narKp2 promoter is unaffected by the presence of oxygen and nitrate <a href=""#myRef"" class=""linkBlue"">Bonnefoy V,1992</a>"
"ECK120015956";"zinTp";"forward";"Sigma70";"tgctctcgtttcctaagagttgttgcattttgctatatgttacaatataacattacacatCatatacattaactctggagg";"The activity of this promoter is induced by cadmium <a href=""#myRef"" class=""linkBlue"">Puskarova A,2002</a>"
"ECK120015959";"acrRp";"forward";"Sigma70";"gatttcaaattggtcaatggtcaaaagttaataaacccattgctgcgtttatattatcgtCgtgctatggtacatacattc";"NULL"
"ECK120016580";"flgBp";"forward";"Sigma70";"gacccattttgcgtttattccgccgataacgcgcgcgtaaaggcatttaagctgatggcaGaattttgatacctgcggagg";"We assigned a putative transcriptional start site to this promoter based on the observation that the majority of the promoters, whose transcriptional start sites were determined experimentally, present a distance of 6 nucleotides between the transcriptional start site and the -10 box."
"ECK120016587";"spyp";"reverse";"Sigma70";"acactttcattgttttaccgttgctctgattaattgacgctaaagtcagtaaagttaatcTcgtcaacacggcacgctact";"NULL"
"ECK120016702";"flhBp";"reverse";"Sigma70";"cgcctgttttgccccttactcaaaccattgaacgctttgcgctctggcatcattcacgctTaatactctttccaggattgg";"NULL"
"ECK120020543";"pepTp";"forward";"NULL";"gcaggggtaaaagtgacctgacgcaatatttgtcttttcttgcttcttaataatgttgtcAcaaaaagtgagggtgactac";"NULL"
"ECK120027918";"yciGp";"reverse";"Sigma38";"ccctctatcttctcgttgcgcttaatttgactaattctcattagcgactaattttaatgaGtgtcgacacacaacactcat";"NULL"
"ECK120027939";"bolAp2";"forward";"Sigma70";"ctggtaaaagaaacactgatgcgaggcctgtgtttcaatctttaaatcagtaaacttcatAcgcttgacggaaaaaccagg";"NULL"
"ECK120029473";"norRp";"reverse";"NULL";"ttaatgagtagtcaaaatgactatcaatcaaatggtcgatatgacaatatctatagtcaaAttgacagtgaggcaaagatg";"NULL"
"ECK120029524";"hemHp";"forward";"Sigma70";"tgatttgacctctcacagcaattagttcttcttcctcacttttccgctacaattatcaacAagttgaatcgataagaggcg";"NULL"
"ECK120030789";"sgrRp";"reverse";"Sigma70";"aactgacgcatggggcacccccttgcttcatcgttaggaattattgacttaatatagggaAaataaaattgctgtcttttg";"NULL"
"ECK120032985";"rcnAp";"forward";"Sigma70";"tttctgtttatcacggattgtatgagacatggcaacacctggttaacaagaatatgaaaaAtcatagcactattaatctac";"NULL"
"ECK120032986";"rcnRp";"reverse";"Sigma70";"aagaaccaggcgtttccttgctgaagaagagttgtaaattcggtcatgataataattcttAgtattaattcggcaatctga";"NULL"
"ECK120033029";"sbcDp";"reverse";"Sigma70";"tattgatttccgtggcgcagaaaaaagcaaatggcacatctgtttgggtataatcgcgccCatgctttttcgccagggaac";"We assigned a putative transcriptional start site to this promoter based on the observation that the majority of the promoters, whose transcriptional start sites were determined experimentally, present a distance of 6 nucleotides between the transcriptional start site and the -10 box <a href=""#myRef"" class=""linkBlue"">Harley CB,1987</a>."
"ECK120033032";"ychHp";"forward";"Sigma70";"agggttgtaattgtgatcacgcccgcacataacccactgggtgttgtctatactttacacAtaaggaagaggggtattccc";"NULL"
"ECK120033252";"yeaRp";"reverse";"Sigma70";"gctaaaaagtaaccaataaatggtatttaaaatgcaaattatcaggcgtaccctgaaacgGctggaataaaccgttttcag";"NULL"
"ECK120033261";"rpoDp4";"forward";"Sigma24";"tacaaataatgctgccacccttgaaaaactgtcgatgtgggacgatatagcagataagaaTattgctgagcaaaccttcac";"NULL"
"ECK120034206";"bluRp";"reverse";"Sigma70";"tcatccaatttagctgaaatcttatttatactttgtacaattttagcgtatattgtacaaAgtattattgggtcgtgtaca";"NULL"
"ECK120034213";"yciVp";"forward";"NULL";"cgatgattaattgtcaacagctcatttcagaatatttgccagaaccgttatgatgtcggcGcaaaaaacattatccagaac";"NULL"
"ECK120034225";"yncEp";"forward";"NULL";"gtagtcgtaacggcaagaaatgctccacatttgagaaaataatgattaccattcccatttAtaacaagagcgtaacgatga";"NULL"
"ECK120034261";"yegHp";"forward";"NULL";"atatgagataaatagtgctgcaacattgcatttttgccccgatttatccatgatcgaattGtgacatttgtcatacaacga";"NULL"
"ECK120034270";"yfcZp";"reverse";"NULL";"tatccgattttgcagaattaacaactggagcagcactttccggaagcgtaaaatatccacAacgtttatctggcaccttgg";"NULL"
"ECK120034339";"mioCp";"reverse";"NULL";"ttaatcccatacttttccacaggtagatcccaacgcgttcacagcgtacaatacgccactCttaataaaggtggcggttta";"NULL"
"ECK120034372";"rpsFp";"forward";"Sigma70";"aggggagatttatttcggctctgcccttgagtttagcgaggcatacaagtactataacgcGtcatttttcagccgaccttt";"NULL"
"ECK120034401";"yafVp";"reverse";"NULL";"atttgttatcaatttattctgcgctaaggcaactgcctgataaggtgttaaagttataaaAcccttcgcataaaggagttg";"NULL"
"ECK120034947";"lsrRp";"reverse";"Sigma70";"ccatcacagatataaatgagcaagaactgaacaattgcattaaagatttaaatatgttcaAagtgaagaatgaattatgac";"Wang et al. demonstrated in 2005 that <i>lrsK</i> could be transcribed together with <i>lrsR</i>  <a href=""#myRef"" class=""linkBlue"">Wang L,2005</a>."
"ECK120035103";"yebGp";"reverse";"Sigma70";"gtctttattgctgatgttgatttctcaaccgaaaagaaatatactgtataaaatcacagtTattatgagaggctgcaaatg";"We assigned a putative transcriptional start site to this promoter based on the observation that the majority of the promoters, whose transcriptional start sites were determined experimentally, present a distance of 6 nucleotides between the transcriptional start site and the -10 box <a href=""#myRef"" class=""linkBlue"">Harley CB,1987</a>."
"ECK120035113";"tolCp1";"forward";"NULL";"gtgaatttcagcgacgtttgactgccgtttgagcagtcatgtgttaaattgaggcacattAacgccctatggcacgtaacg";"Zhang et al. (2008) identified a new TSS for the <i>tolC</i>p1 promoter that is 5 nt upstream of the one identified by Eguchi et al. (2003) <a href=""#myRef"" class=""linkBlue"">Zhang A,2008</a> Zhang et al. (2008) mentioned that the -10 box (TTAAAT) is better placed 6 nt distant from the TSS (transcriptional start site) they observed, and the TSS determined by Eguchi et al. (2003) is unusual since it is11 nt from the -10 box <a href=""#myRef"" class=""linkBlue"">Zhang A,2008</a>"
"ECK120035129";"luxSp2";"reverse";"NULL";"agaaaaaggccactcgtgagtggccaaaatttcatctctgaattcagggatgatgataacAaatgcgcgtctttcatatac";"NULL"
"ECK120049216";"yjeVp";"forward";"Sigma70";"aatatccacagcgacgcgatgcgttattgctggtttttgttgtctctgacaaactcttgtAaacagagttatccacagcct";"NULL"
"ECK120051394";"dsbGp";"reverse";"NULL";"aagttttaccttacaaccttcgtaagacaactttgtgaactttgcaccgccagcggcgatAaaaagtaaaatggccccctt";"NULL"
"ECK120051395";"ahpCp2";"forward";"Sigma70";"taggtaagagcttagatcaggtgattgccctttgtttatgagggtgttgtaatccatgtcGttgttgcatttgtaagggca";"NULL"
"ECK125095203";"rfep";"forward";"Sigma70";"aatgccgcgctggcgatgttaggaaaattcctggaatttgctggcatgttatgcaatttgCatatcaaatggttaattttt";"NULL"
"ECK125095435";"rraBp1";"forward";"Sigma70";"tggctaacgcctcaatgaattaaaattcaatttatatggatgattattcatttgcaagtcTaaagcataaatctttgtcac";"The <i>rraB</i>p1 promoter overlaps an ArgR-binding site that represses the gene <i>argI</i> located upstream and in the opposite direction to the <i>rraB</i> gene <a href=""#myRef"" class=""linkBlue"">Zhou L,2009</a> However, the presence of arginine, which is the effector molecule of ArgR, does not affect <i>rraB</i> expression <a href=""#myRef"" class=""linkBlue"">Zhou L,2009</a> On the other hand, Khordursky et al. <a href=""#myRef"" class=""linkBlue"">Khodursky AB,2000</a>reported that the expression of <i>rraB</i>  is modulated by tryptophan starvation, but the rraBp2 promoter does not respond to tryptophan availability <a href=""#myRef"" class=""linkBlue"">Zhou L,2009</a><br>Another putative promoter was identified upstream of the <i>rraB</i>p1 promoter, but its activity was not observed in a primer extension analysis <a href=""#myRef"" class=""linkBlue"">Zhou L,2009</a> The sequence of the region containing the active (<i>rraB</i>p1) and inactive promoter is well conserved in the upstream region of <i>rraB</i> and is homologous to that in other bacteria, such as <i>Shigella flexnerii</i>, <i> Salmonella enterica</i>, and several strains of <i>E. coli</i> <a href=""#myRef"" class=""linkBlue"">Zhou L,2009</a><br>The <i>rraB</i>p2 promoter was not identified by <a href=""#myRef"" class=""linkBlue"">Zhou L,2009</a><br>"
"ECK125109145";"ycgZp";"forward";"Sigma38";"gcaaaaaattaatttatcattctgtacacatatttcgtacaagtttgctattgttacttcActtaacattgattaacattt";"NULL"
"ECK125135055";"aaeXp";"reverse";"NULL";"tcacataatatagataacagcataacagttacgctaatatattaaatatcaatctacagcAatgttgctctcgcccggctt";"NULL"
"ECK125136407";"ivyp5";"forward";"Sigma32";"taacaaatgctgatattggaaatatctgatttgcaaattatcgtgttatcgccaggctttAggaggttaataacatgggca";"Similarity to the consensus sequence of the set of known functional promoters for this sigma factor with strong experimental evidence: good homology.  Score: 5.495.  P-value: 4.821e-5"
"ECK125136531";"sfmCp5";"forward";"Sigma70";"agatatgaataatcaaaaccacgttgttttgaattatatatcacgtcttataacaaagtaAtgtaccggttgtctgaagcg";"Similarity to the consensus sequence of the set of known functional promoters for this sigma factor with strong experimental evidence: good homology.  Score: 3.383.  P-value: 3.231e-5"
"ECK125136712";"cspHp8";"reverse";"Sigma32";"tattttagccgtccggcggtcttaaatatcgctggctttattttattaaccccgtatagtGcagcgcagtattttcagtaa";"Similarity to the consensus sequence of the set of known functional promoters for this sigma factor with strong experimental evidence: poor homology.  Score: 3.735.  P-value: 4.725e-5"
"ECK125136713";"cspHp9";"reverse";"Sigma70";"gagagactcaaaagaaggggataatgcctgataatgagaactgctttagtaaactactttGtatgctgtctgtctttcaaa";"Similarity to the consensus sequence of the set of known functional promoters for this sigma factor with strong experimental evidence: good homology.  Score: 3.843.  P-value: 5.381e-5"
"ECK125136804";"bluFp7";"reverse";"Sigma70";"taaaacaatgtgttatgataaaacatattgcatcatttaactgacaatctatacaagattTttcgccaactagtgttcaac";"Similarity to the consensus sequence of the set of known functional promoters for this sigma factor with strong experimental evidence: high homology.  Score: 4.243.  P-value: 2.983e-5"
"ECK125136838";"tdkp8";"forward";"Sigma70";"tacccacttctgtgcatactgttgagctgaaaaactgacgaattatgataaactccagccAactttatttcatatcattga";"Similarity to the consensus sequence of the set of known functional promoters for this sigma factor with strong experimental evidence: high homology.  Score: 4.153.  P-value: 3.330e-5"
"ECK125136954";"yncDp11";"reverse";"Sigma28";"gcgcgatgaaaacagatgacgtaaatgcatgacgactccctttgatgaaccgatatttttGctgcttcacaatgcttcgct";"Similarity to the consensus sequence of the set of known functional promoters for this sigma factor with strong experimental evidence: good homology.  Score: 6.959.  P-value: 2.232e-5"
"ECK125136996";"cspFp6";"forward";"Sigma70";"ttcaaaccgacgcaatcattaacgcatagttgaacatatgaagcaatgtttattttagacAtccagccatcttcaacccca";"Similarity to the consensus sequence of the set of known functional promoters for this sigma factor with strong experimental evidence: high homology.  Score: 4.22.  P-value: 4.821e-5"
"ECK125136997";"cspFp7";"forward";"Sigma70";"actcaaagaaggaataagtgaataacacctgaaatgagaactgctttagtaaactacttcGtatatcgtctgttcttcaaa";"Similarity to the consensus sequence of the set of known functional promoters for this sigma factor with strong experimental evidence: high homology.  Score: 4.32.  P-value: 3.330e-5"
"ECK125136998";"cspFp8";"forward";"Sigma24";"tcaaaaaactatagctttcttcaggaacgtgtgtatagtgcgccaagttatcagtattaaGgaatttttttgtcccgtaaa";"Similarity to the consensus sequence of the set of known functional promoters for this sigma factor with strong experimental evidence: good homology.  Score: 4.676.  P-value: 1.262e-5"
"ECK125137033";"ydhLp3";"reverse";"Sigma70";"gtgcaagcaaagttgctactttggacattaacagcttcaataatggtaataatcttatctGaggagggcgaagtggcggag";"Similarity to the consensus sequence of the set of known functional promoters for this sigma factor with strong experimental evidence: high homology.  Score: 4.073.  P-value: 5.771e-5"
"ECK125137258";"yohJp4";"forward";"Sigma70";"gcggattaaaggtctgcaaagagggattgctgcaaactgcaatccctctctatgcttgatGtatgcctgagttcgctgcgc";"Similarity to the consensus sequence of the set of known functional promoters for this sigma factor with strong experimental evidence: high homology.  Score: 4.338.  P-value: 7.485e-5"
"ECK125137272";"setBp2";"forward";"Sigma70";"agtttgatgtgctgcacaattttttgccatttttcctaattgctgatgggaaaatccgttAtcagcaatttcatttcagca";"Similarity to the consensus sequence of the set of known functional promoters for this sigma factor with strong experimental evidence: high homology.  Score: 4.114.  P-value: 2.517e-5"
"ECK125137311";"aisp8";"reverse";"Sigma70";"ttgcatttggcaaaattttgaggcattttgccgacatcgtaggatttttaatattacaccAactgcgaattatcgccagaa";"Similarity to the consensus sequence of the set of known functional promoters for this sigma factor with strong experimental evidence: high homology.  Score: 4.5.  P-value: 4.108e-5"
"ECK125137433";"yfiLp9";"forward";"Sigma70";"tatttacacaggcaatttagtcgcgctttcaacccttacctctgtatagataaatttacaCtccctttgaaaacaatccgc";"Similarity to the consensus sequence of the set of known functional promoters for this sigma factor with strong experimental evidence: high homology.  Score: 4.338.  P-value: 8.109e-5"
"ECK125137487";"mazGp4";"reverse";"Sigma24";"tatccgttcgaagttgttttatccggtcaggaacgtgatggcgtagcgttagctgatcagGtaaaaagtatcgcctggcgg";"Similarity to the consensus sequence of the set of known functional promoters for this sigma factor with strong experimental evidence: good homology.  Score: 3.735.  P-value: 5.947e-5"
"ECK125137521";"yqeKp9";"reverse";"Sigma70";"cattaggggtattaattttagtattgatggaaggtgattattgaacagtaacatcgagtcAcggtaaaaatgtgaggtata";"Similarity to the consensus sequence of the set of known functional promoters for this sigma factor with strong experimental evidence: good homology.  Score: 3.84.  P-value: 7.264e-5"
"ECK125137639";"alxp3";"forward";"Sigma28";"cttgccggaaggcgaggtctatgcataaaaagcagcggctgacgtcttccgacgttggccGtttttttatgtgtaaggaac";"Similarity to the consensus sequence of the set of known functional promoters for this sigma factor with strong experimental evidence: poor homology.  Score: 3.996.  P-value: 5.601e-5"
"ECK125137641";"alxp5";"forward";"Sigma70";"acagtgtaaaaggtatgtaacagaccattgactggctgaatggtctgtcatactttgttaCctgcaaaggggagtaacttc";"Similarity to the consensus sequence of the set of known functional promoters for this sigma factor with strong experimental evidence: high homology.  Score: 5.036.  P-value: 2.953e-5"
"ECK125137645";"yqjFp4";"forward";"Sigma32";"aattttttgaagatttttgacagttttccttgctaacaatcatcattcaccacgtttatgAttctctccatcgacagcaac";"Similarity to the consensus sequence of the set of known functional promoters for this sigma factor with strong experimental evidence: high homology.  Score: 6.153.  P-value: 3.501e-5"
"ECK125137719";"aaeRp9";"forward";"Sigma70";"gggaaacagactcatgttgaccttggttgtaaagagagagcaggcgttattattttcagcAtctgtcgccgcagagaaggg";"Similarity to the consensus sequence of the set of known functional promoters for this sigma factor with strong experimental evidence: high homology.  Score: 4.498.  P-value: 4.540e-5"
"ECK125137937";"tatAp1";"forward";"Sigma70";"tggcgcaaaacacgctgattttttcatcgctcaaggcgggccgtgtaacgtataatgcggCtttgtttaatcatcatctac";"Similarity to the consensus sequence of the set of known functional promoters for this sigma factor with strong experimental evidence: poor homology.  Score: 2.88.  P-value: 6.705e-5"
"ECK125137946";"typAp1";"forward";"Sigma54";"accatcgtgcaaaagggctgcaccacgatgtgaatgttgcaccaatatagtgcttcaatgGaaacattaagcaccatgttg";"Similarity to the consensus sequence of the set of known functional promoters for this sigma factor with strong experimental evidence: poor homology.  Score: 0.52.  P-value: 2.845e-6"
"ECK125137991";"yjaAp4";"forward";"Sigma28";"gtggtcccacctgaccccatgccgaactcagaagtgaaacgccgtagcgccgatggtagtGtggggtctccccatgcgaga";"Similarity to the consensus sequence of the set of known functional promoters for this sigma factor with strong experimental evidence: good homology.  Score: 7.749.  P-value: 6.928e-6"
"ECK125138040";"yjfYp2";"reverse";"Sigma70";"gaaatggtcaccatcaacttctttatcattgattaaaattaaatcagaagatcatcacagAggagagcacacaaagtcagc";"Similarity to the consensus sequence of the set of known functional promoters for this sigma factor with strong experimental evidence: good homology.  Score: 3.7.  P-value: 7.120e-5"
"ECK125140756";"mntPp";"forward";"Sigma70";"aagcaatgaaataatatattccaacagttgttttatattctcaaaatatgttaaggttgcGccctcatttggggagtagcc";"NULL"
"ECK125141559";"mnmGp";"reverse";"Sigma38";"atacccaggatcccaggtctttctcaagccgacaaagttgagtagaatccacggcccgggCttcaatccattttcataccg";"NULL"
"ECK125145773";"cspIp2";"reverse";"NULL";"attttattatttgtacctcttgagatttccttgttggtttttctctctgatattttttttCggaccattctgcccaagggc";"The transcription start site for <i>cspI</i>p2 was determined by 5-RACE; however, the experimental data were not provided in the report <a href=""#myRef"" class=""linkBlue"">Kraxenberger T,2012</a>"
"ECK125158027";"bluFp";"reverse";"Sigma70";"aaacggttatgttttggtattaaaagaaagacacaagaagatatgtctgttaccgtcttaCtctcgcctcacccattaccc";"NULL"
"ECK125165406";"aroLp2";"forward";"NULL";"ttaagtggaattttttctttacaatcgaaattgtactagtttgatggtatgatcgctattCtcatgacaccggctttcgcc";"<i>aroL</i>p2 was validated experimentally in anaerobic conditions <a href=""#myRef"" class=""linkBlue"">Chung D,2013</a>."
"ECK125203430";"yajGp";"reverse";"Sigma70";"catgatgaatttacatgccttacccacttcccctcgccgttggcaatgttatgatggcggGaatttttaccaaacacgctt";"NULL"
"ECK125230980";"TSS_175";"forward";"unknown";"gatactcggtgaagaaattttaccgtcaatacgtattcaaccgtccggaaccttctatgaTtatgaggcgaagtatctctc";"NULL"
"ECK125230985";"TSS_180";"forward";"unknown";"agcctggtgccgatggcggcacgtcaggcaggtatgagcttctcgcagttggtagtacgaAttctggaactggcggactaa";"NULL"
"ECK125230988";"TSS_183";"forward";"unknown";"actctggagcggcagtaggctgggcgcccttgccgccagaggaatctactcagcaacaaaAtcaggcacaggcagaacaac";"NULL"
"ECK125231063";"TSS_264";"forward";"unknown";"gaccttcccgtaaggggaaggactatgctcaacgtttgattttgtttcgcctgcttaagaAtaaggaaataactatgcaac";"NULL"
"ECK125231216";"TSS_433";"forward";"unknown";"cgaaccatcggtgaaaatttctacctgtttaagcatctctggtagacttcctgtaattgaAtcgaactgtaaaacgacaag";"NULL"
"ECK125236162";"TSS_646";"reverse";"unknown";"ccaatatcgctattggcccgtcaaagaggaatttcatttttttattattatgccgtcactTtaagcgacggtgtaactcga";"NULL"
"ECK125236169";"TSS_654";"reverse";"unknown";"tttacccgcctggtttattaatttcttgaccttccccttgctggaaggtttaacctttatCacagccagtcaaaactgtct";"NULL"
"ECK125236244";"TSS_735";"forward";"unknown";"cttatcgatttgataatggaaacgcattagccgaatcggcaaaaattggttaccttacatCtcatcgaaaacacggaggaa";"NULL"
"ECK125236306";"TSS_810";"forward";"unknown";"ttgtcagcctgtcccgcttataagatcatacgccgttatacgttgtttacgctttgaggaAtccacgatgagtgaggcaga";"NULL"
"ECK125236690";"TSS_1229";"reverse";"unknown";"tgacggcagtggcaggtgtcataaaaaaaaccatgagggtaataaataatgatgaagcgcAatattctggcagtgatcgtc";"NULL"
"ECK125236733";"TSS_1277";"reverse";"unknown";"gctatcgcgattgcagtggcactggctggtttcgctaccgtagcgcaggccgctccgaaaGataacacctggtacactggt";"NULL"
"ECK125236779";"TSS_1332";"reverse";"unknown";"tgatttagcgataaaagctctctggattgcgccccctggaagtcgggcgcataattagtgTgcttatcttttcttcttatg";"NULL"
"ECK125237003";"TSS_1575";"reverse";"unknown";"ttcctggctattgcacaactgaatttaaggctctattattacctcaacaaaccaccccaaTataagtttgagattactaca";"NULL"
"ECK125237441";"TSS_2054";"reverse";"unknown";"ctccatcaaattttctttttttctccataattggcgcaaaagtgttttttacactttcatTgttttaccgttgctctgatt";"NULL"
"ECK125237807";"TSS_2454";"forward";"unknown";"agcgctgatttcttaatgtgatcggtagcacgttttacgaattaattgtatgatgaatccAtctcatctggggtgttgatt";"NULL"
"ECK125238033";"TSS_2698";"forward";"unknown";"ggcattgattcagcctgtcggaactggtatttaaccagactaattattttgatgcgcgaaAttaatcgttacaggaaaagc";"NULL"
"ECK125238304";"TSS_2992";"forward";"unknown";"cgagatatttgtcatcatgggattatccggctcgggtaaatccacaatggtacgccttctCaatcgcctgattgaacccac";"NULL"
"ECK125238417";"TSS_3119";"forward";"unknown";"cctgagccggaacgaaaagttttatcggaatgcgtgttctggtgaacttttggcttacggTtgtgatgttgtgttgttgtg";"NULL"
"ECK125238588";"TSS_3310";"reverse";"unknown";"tgtgtggtaaatggcgcatcgatcgcattattgattttgcgattgaggcaaaatatatgcCaggtcttcgcaacggaataa";"NULL"
"ECK125238652";"TSS_3381";"forward";"unknown";"atgtgtgaaaaaacacatccggtcaccgggcaacccgaaaggaatacgcagacgtattccTtttttgttgtaagtgagacc";"NULL"
"ECK125239087";"TSS_3830";"reverse";"unknown";"aacggttacactctcccatcaatcgtaatgggtctgaggagtaatcattttcgtttataaAataattggagctctggtctc";"NULL"
"ECK125239249";"TSS_4002";"reverse";"unknown";"ccatcttatggtactggatttaatgttacctggtgaagatggcttgtcgatttgccgacgTcttcgtagtcagagcaaccc";"NULL"
"ECK125239350";"TSS_4118";"reverse";"unknown";"cagcggatgcgcaaaaagcagctgataacaaaaaaccggtcaactcctggacctgtgaagAtttcctggctgtggacgaat";"NULL"
"ECK125239386";"TSS_4160";"forward";"unknown";"gcacatcaacggtttgacgtacagaccattaaagcagtgtagtaaggcaagtcccttcaaGagttatcgttgatacccctc";"NULL"
"ECK125239387";"TSS_4161";"forward";"unknown";"acactatgtccggtaaaatgactggtatcgtaaaatggttcaacgctgacaaaggcttcgGcttcatcactcctgacgatg";"NULL"
"ECK125239563";"TSS_4348";"reverse";"unknown";"acattccggaagatccggcagaagaatggctgggatcgtgggttaatttactcaaataagTatacagatcgtgcgatctac";"NULL"
"ECK125239645";"TSS_4434";"forward";"unknown";"cgctcataaatttgtcttatgccaaaaacgccacgtgtttacgtggcgttttgcttttatAtctgtaatcttaatgccgcg";"NULL"
"ECK125239735";"TSS_4533";"forward";"unknown";"attttcacgaaaagcggtgaaaaactcatgttttcatcctgtctgtggcatcctttacccAtaatctgataaacaggcacg";"NULL"
"ECK125239802";"TSS_4611";"forward";"unknown";"gttatagccaatctttttttattctttaatgtttggttaaccttctggcacgctttgctcAtcacaacacaacataagaga";"NULL"
"ECK125239881";"TSS_4695";"forward";"unknown";"tattgatgaaacctgcggcatccttcttctattgtggatgctttacaatgattaaaaaagCttcgctgctgacggcgtgtt";"NULL"
"ECK125239882";"TSS_4696";"forward";"unknown";"tttctctggatgcactaaaacgtatcctacgcccgtggttaagaatgaaagagccgccagAtaccgttgtattgggttgca";"NULL"
"ECK125240060";"TSS_4882";"forward";"unknown";"ggtgtttgatctcatccgtgatcacatcagccagacaggtatgccgccgacgcgtgcggaAatcgcgcagcgtttggggtt";"NULL"
"ECK125240218";"TSS_5058";"forward";"unknown";"acccagacaggaggctgaataatccgtaaggagcaattcgatgcgtcattacgaaatcgtTtttatggtccatcctgacca";"NULL"
"ECK125240283";"TSS_5132";"forward";"unknown";"gaatattaagccaacaaataaactgaaaaagtttgtccgcgatgctttcctctatgagtcAaaatggccccaaatgtttca";"NULL"
