"iGEM_ID";"Description";"Direction";"Biology";"Efficiency_Fwd";"Efficiency_Rev";"Submit_team";"iGEM_Link";"type";"sequence";"Sample_Statu";"Uses";"Twin";"Nickname";"Designer";"na";"reversed_version";"Categories";"Green";"Red"
"BBa_B0010";"T1 from E. coli rrnB";"Forward";"rrnBT1";"";"";"2003_Antiquity";"http://parts.igem.org/wiki/index.php?title=Part:BBa_B0010";"Terminators";"ccaggcatcaaataaaacgaaaggctcagtcgaaagactgggcctttcgttttatctgttgtttgtcggtgaacgctctc";"In stock";"795 Uses";"4 Twins";"";"Randy Rettberg";"";"582";"//direction/forward
//terminator/single
";"10;12;21;23;25;1000;";""
"BBa_B0011";"LuxICDABEG (+/-)";"Bidirectional";"LuxIA";"0.419[CC]/0.95[JK]";"0.636[CC]/0.86[JK]";"2003_Antiquity";"http://parts.igem.org/wiki/index.php?title=Part:BBa_B0011";"Terminators";"agagaatataaaaagccagattattaatccggcttttttattattt";"In stock";"80 Uses";"";"";"Reshma Shetty";"Forward";"585";"//direction/bidirectional
//terminator/single
";"10;12;21;23;25;1000;";""
"BBa_B0012";"TE from coliphageT7";"Forward";"T7TE";"0.309[CC]";"-0.368[CC]";"2003_Antiquity";"http://parts.igem.org/wiki/index.php?title=Part:BBa_B0012";"Terminators";"tcacactggctcaccttcgggtgggcctttctgcgtttata";"In stock";"771 Uses";"2 Twins";"";"Reshma Shetty";"";"590";"//direction/forward
//terminator/single
";"10;12;21;23;25;1000;";""
"BBa_B0013";"TE from coliphage T7 (+/-)";"Forward";"T7TE  (+/-)";"0.6[CC]";"-1.06[CC]";"2003_Antiquity";"http://parts.igem.org/wiki/index.php?title=Part:BBa_B0013";"Terminators";"aaaaaatcaaactggctcaccttcgggtgggcctttttgcgtttata";"In stock";"13 Uses";"";"";"Reshma Shetty";"";"591";"//direction/forward
//terminator/single
";"10;12;21;23;25;1000;";""
"BBa_B0014";"double terminator (B0012-B0011)";"Bidirectional";"T7TE-LuxIA";"0.604[CC]/0.96[JK]";"0.86[JK]";"2003_Antiquity";"http://parts.igem.org/wiki/index.php?title=Part:BBa_B0014";"Terminators";"tcacactggctcaccttcgggtgggcctttctgcgtttatatactagagagagaatataaaaagccagattattaatccggcttttttattattt";"In stock";"325 Uses";"3 Twins";"";"Reshma Shetty";"";"2145";"//direction/bidirectional
//terminator/double
";"10;12;21;23;25;1000;";""
"BBa_B0015";"double terminator (B0010-B0012)";"Forward";"rrnBT1-T7TE";"0.984[CC]<br />0.97[JK]";"0.295[CC]<br />0.62[JK]";"2003_Antiquity";"http://parts.igem.org/wiki/index.php?title=Part:BBa_B0015";"Terminators";"ccaggcatcaaataaaacgaaaggctcagtcgaaagactgggcctttcgttttatctgttgtttgtcggtgaacgctctctactagagtcacactggctcaccttcgggtgggcctttctgcgtttata";"In stock";"4066 Uses";"17 Twins";"";"Reshma Shetty";"";"2146";"//direction/forward
//terminator/double
";"10;12;21;23;25;1000;";""
"BBa_B0016";"Terminator (T7 RNAP specific, T_Phi)";"Forward";"T7 RNAP, T_Phi";"";"";"2003_Antiquity";"http://parts.igem.org/wiki/index.php?title=Part:BBa_B0016";"Terminators";"ctagcataaccccttggggcctctaaacgggtcttgaggggttttttg";"In stock";"49 Uses";"9 Twins";"";"Sri Kosuri";"";"";"//terminator/single
";"10;12;21;23;25;1000;";""
"BBa_B0017";"double terminator (B0010-B0010)";"Forward";"rrnBT1x2";"";"";"2004_Antiquity";"http://parts.igem.org/wiki/index.php?title=Part:BBa_B0017";"Terminators";"ccaggcatcaaataaaacgaaaggctcagtcgaaagactgggcctttcgttttatctgttgtttgtcggtgaacgctctctactagagccaggcatcaaataaaacgaaaggctcagtcgaaagactgggcctttcgttttatctgttgtttgtcggtgaacgctctc";"In stock";"29 Uses";"1 Twin";"";"Austin Che";"";"";"//direction/forward
//terminator/double
";"10;12;21;23;25;1000;";""
"BBa_B0021";"LuxICDABEG (+/-), reversed";"Bidirectional";"LuxIA (rev)";"0.636[CC]/0.86[JK]";"0.419[CC]/0.95[JK]";"2003_Antiquity";"http://parts.igem.org/wiki/index.php?title=Part:BBa_B0021";"Terminators";"aaataataaaaaagccggattaataatctggctttttatattctct";"In stock";"9 Uses";"1 Twin";"";"Caitlin Conboy";"Reverse";"144";"//direction/bidirectional
//terminator/single
";"10;12;21;23;25;1000;";""
"BBa_B0023";"TE from coliphage T7, reversed";"Reverse";"T7TE (rev)";"-1.06[CC]";"0.6[CC]";"2003_Antiquity";"http://parts.igem.org/wiki/index.php?title=Part:BBa_B0023";"Terminators";"tataaacgcaaaaaggcccacccgaaggtgagccagtttgatttttt";"In stock";"2 Uses";"";"";"Caitlin Conboy";"Reverse";"146";"//direction/reverse
//terminator/single
";"10;12;21;23;25;1000;";""
"BBa_B0024";"double terminator (B0012-B0011), reversed";"Bidirectional";"(B0012.B0011) reversed";"0.86[JK]";"0.604[CC]/0.96[JK]";"2003_Antiquity";"http://parts.igem.org/wiki/index.php?title=Part:BBa_B0024";"Terminators";"aaataataaaaaagccggattaataatctggctttttatattctctctctagtatataaacgcagaaaggcccacccgaaggtgagccagtgtga";"In stock";"28 Uses";"";"";"Caitlin Conboy";"";"200";"//direction/bidirectional
//terminator/double
";"10;12;21;23;25;1000;";""
"BBa_B0025";"double terminator (B0015), reversed";"Reverse";"rrnBT1-T7TE (rev)";"0.295[CC]/0.62[JK]";"0.984[CC]/0.97[JK]";"2003_Antiquity";"http://parts.igem.org/wiki/index.php?title=Part:BBa_B0025";"Terminators";"tataaacgcagaaaggcccacccgaaggtgagccagtgtgactctagtagagagcgttcaccgacaaacaacagataaaacgaaaggcccagtctttcgactgagcctttcgttttatttgatgcctgg";"In stock";"99 Uses";"2 Twins";"";"Caitlin Conboy";"";"202";"//direction/reverse
//terminator/double
";"10;12;21;23;25;1000;";""
"BBa_B1001";"Terminator (artifical, small, %T~=90)";"Bidirectional";"";"0.81[CH]";"";"2006_Knight Lab";"http://parts.igem.org/wiki/index.php?title=Part:BBa_B1001";"Terminators";"aaaaaaaaaccccgcttcggcggggttttttttt";"In stock";"10 Uses";"";"";"Haiyao Huang";"Bi-directional";"";"//terminator/single
//direction/bidirectional
";"10;12;21;23;25;1000;";""
"BBa_B1002";"Terminator (artificial, small, %T~=85%)";"Forward";"";"0.98[CH]";"";"2006_Knight Lab";"http://parts.igem.org/wiki/index.php?title=Part:BBa_B1002";"Terminators";"cgcaaaaaaccccgcttcggcggggttttttcgc";"In stock";"30 Uses";"1 Twin";"";"Haiyao Huang";"Forward";"";"//terminator/single
//direction/forward
";"10;12;21;23;25;1000;";""
"BBa_B1003";"Terminator (artificial, small, %T~=80)";"Forward";"";"0.83[CH]";"";"2006_Knight Lab";"http://parts.igem.org/wiki/index.php?title=Part:BBa_B1003";"Terminators";"cgccaaaaaccccgcttcggcggggtttttccgc";"In stock";"7 Uses";"";"";"Haiyao Huang";"";"";"//terminator/single
//direction/forward
";"10;12;21;23;25;1000;";""
"BBa_B1005";"Terminator (artificial, small, %T~=25%";"Forward";"";"0.86[CH]";"";"2006_Knight Lab";"http://parts.igem.org/wiki/index.php?title=Part:BBa_B1005";"Terminators";"cgccgcaaaccccgcttcggcggggtttcgccgc";"In stock";"6 Uses";"";"";"Haiyao Huang";"";"";"//terminator/single
//direction/forward
";"10;12;21;23;25;1000;";""
"BBa_B1006";"Terminator (artificial, large, %T~&gt;90)";"Forward";"";"0.99[CH]";"";"2006_Knight Lab";"http://parts.igem.org/wiki/index.php?title=Part:BBa_B1006";"Terminators";"aaaaaaaaaccccgcccctgacagggcggggtttttttt";"In stock";"200 Uses";"2 Twins";"";"Haiyao Huang";"";"";"//terminator/single
//direction/forward
";"10;12;21;23;25;1000;";""
"BBa_B1007";"Terminator (artificial, large, %T~=80)";"Bidirectional";"";"0.83[CH]";"";"2006_Knight Lab";"http://parts.igem.org/wiki/index.php?title=Part:BBa_B1007";"Terminators";"cgcaaaaaaccccgcccctgacagggcggggttttttcgc";"In stock";"9 Uses";"";"";"Haiyao Huang";"Bi-directional";"";"//terminator/single
//direction/bidirectional
";"10;12;21;23;25;1000;";""
"BBa_B1008";"Terminator (artificial, large,  %T~=70)";"Bidirectional";"";"";"";"2006_Knight Lab";"http://parts.igem.org/wiki/index.php?title=Part:BBa_B1008";"Terminators";"cgccaaaaaccccgcccctgacagggcggggtttttccgc";"In stock";"2 Uses";"";"";"Haiyao Huang";"";"";"//terminator/single
//direction/bidirectional
";"10;12;21;23;25;1000;";""
"BBa_B1009";"Terminator (artificial, large, %T~=40%)";"Bidirectional";"";"";"";"2006_Knight Lab";"http://parts.igem.org/wiki/index.php?title=Part:BBa_B1009";"Terminators";"cgccgaaaaccccgcccctgacagggcggggttttgccgc";"In stock";"3 Uses";"";"";"Haiyao Huang";"";"";"//terminator/single
//direction/bidirectional
";"10;12;21;23;25;1000;";""
"BBa_B1010";"Terninator (artificial, large, %T~&lt;10)";"Forward";"";"0.95[CH]";"";"2006_Knight Lab";"http://parts.igem.org/wiki/index.php?title=Part:BBa_B1010";"Terminators";"cgccgcaaaccccgcccctgacagggcggggtttcgccgc";"In stock";"10 Uses";"";"";"Haiyao Huang";"Forward";"";"//terminator/single
//direction/forward
";"10;12;21;23;25;1000;";""
"BBa_I742129";"Reverse terminator BBa_B0011 LuxICDABEG (+/-)";"";"";"";"";"2007_Edinburgh";"http://parts.igem.org/wiki/index.php?title=Part:BBa_I742129";"Terminators";"aaataataaaaaagccggattaataatctggctttttatattctct";"In stock";"1 Uses";"1 Twin";"";"Caroline Dahl";"";"";"";"10;12;21;23;25;1000;";""
"BBa_J34805";"terminator";"";"";"";"";"2006_ETHZ";"http://parts.igem.org/wiki/index.php?title=Part:BBa_J34805";"Terminators";"ccaggcatcaaataaaacgaaaggctcagtcgaaagactgggcctttcgttttatctgttgtttgtcggtgaacgctctctactagagtcacactggctcaccttcgggtgggcctttctgcgtttata";"In stock";"2 Uses";"17 Twins";"";"Alexandra Choutko";"";"";"";"10;12;21;23;25;1000;";""
"BBa_J61048";"[rnpB-T1] Terminator";"Forward";"E. coli rnpB";"0.98[JCA]";"";"2007_Arkin Lab";"http://parts.igem.org/wiki/index.php?title=Part:BBa_J61048";"Terminators";"ccggcttatcggtcagtttcacctgatttacgtaaaaacccgcttcggcgggtttttgcttttggaggggcagaaagatgaatgactgtccacgacgctatacccaaaagaaa";"In stock";"59 Uses";"";"";"John Anderson";"";"";"//terminator/single
//direction/forward
";"10;12;21;23;25;1000;";""
"BBa_J70612";"RFC12 Double Terminator";"";"";"";"";"2010_Knight Lab";"http://parts.igem.org/wiki/index.php?title=Part:BBa_J70612";"Terminators";"ccaggcatcaaataaaacgaaaggctcagtcgaaagactgggcctttcgttttatctgttgtttgtcggtgaacgctctctactagagtcacactggctcaccttcgggtgggcctttctgcgtttata";"In stock";"Not Used";"17 Twins";"";"Joseph Lynch";"";"";"";"10;12;21;23;25;1000;";""
"BBa_J72049";"{double terminator} in BglBrick Format";"";"";"";"";"2011_Anderson Lab";"http://parts.igem.org/wiki/index.php?title=Part:BBa_J72049";"Terminators";"ccaggcatcaaataaaacgaaaggctcagtcgaaagactgggcctttcgttttatctgttgtttgtcggtgaacgctctctactagagtcacactggctcaccttcgggtgggcctttctgcgtttata";"In stock";"Not Used";"17 Twins";"";"Jin Huh";"";"";"";"10;12;21;23;25;1000;";""
"BBa_K093011";"reverse B0015";"";"";"";"";"2008_Waterloo";"http://parts.igem.org/wiki/index.php?title=Part:BBa_K093011";"Terminators";"tataaacgcagaaaggcccacccgaaggtgagccagtgtgactctagtagagagcgttcaccgacaaacaacagataaaacgaaaggcccagtctttcgactgagcctttcgttttatttgatgcctgg";"In stock";"1 Uses";"2 Twins";"";"John Heil";"";"";"";"10;12;21;23;25;1000;";""
"BBa_K1021008";"TtrpC";"";"";"";"";"2013_Cornell";"http://parts.igem.org/wiki/index.php?title=Part:BBa_K1021008";"Terminators";"tgatttaatagctccatgtcaacaagaataaaacgcgtttcgggtttacctcttccagatacagctcatctgcaatgcattaatgcattggacctcgcaaccctagtacgcccttcaggctccggcgaagcagaagaatagcttagcagagtctattttcattttcgggagacgagatcaagcagatcaacggtcgtcaagagacctacgagactgaggaatccgctcttggctccacgcgactatatatttgtctctaattgtactttgacatgctcctcttctttactctgatagcttgactatgaaaattccgtcaccagcccctgggttcgcaaagataattgcactgtttcttccttgaactctcaagcctacaggacacacattcatcgtaggtataaacctcgaaaatcattcctactaagatgggtatacaatagtaaccatggttgcctagtgaatgctccgtaacacccaatacgccggccgaaacttttttacaactctcctatgagtcgtttacccagaatgcacaggtacacttgtttagaggtaatccttcttt";"In stock";"2 Uses";"";"";"Swati Sureka";"";"";"";"10;12;21;23;";"25;1000;"
"BBa_K1023002";"xlnD terminator";"";"";"";"";"2013_Wageningen_UR";"http://parts.igem.org/wiki/index.php?title=Part:BBa_K1023002";"Terminators";"tagaaaatactattctgttgatggctctaggggatgagagtcagcctattactggatatccatagtggtgatacgatgtatatagctctatgaagtaattagttcaagtgggaatacccctttcacacatatagtatgctgttattccgaaatagggatcatttctgattaatagtagcggtagcgatggtcacacacgacttaatgttccccattgtaccggaagtaacaattccagtgacctcttagaagaaagacagcaagaaaaagtaagaaagggaaattgatcaaaaaataaggccatctacagcctattcacatttagccggatctgcaatacagctacagaaataaagtttgttaggctgcttgctagcatagctcctactatactaaaccaacacaatgggacaataccccaattaaccagccctcactcaacacaagtgaatcctaccgacaacatccataaaccactgcttccccacccagcacccttcttcacgatcagatcacggagaattaccaactactcttcgcataaaacgtaaacaacggcctcgggccagcatccgtccgactcaaaagcaacaaatccctcgttcgcatactagccacatgaacctgttgctccgagacctcctcaactgggtcttcaaatgcccagaagacgctttcttctcgatatccatcggatactcgctggccgcttagacatatgaacgatgagtctcgtctgccaaaggaaacaaccgtgttcccgaatccagtgtcaaagtcgtaggtctggaatttgaaaagtgttcgggcgtttccttggagggtcgggagtgcga";"In stock";"Not Used";"";"";"Michiel Karrenbelt";"";"";"";"10;21;23;25;";"12;1000;"
"BBa_K1045009";"Terminator BBa_B0015 with inversed Pre- and Suffix";"";"";"";"";"2013_Goettingen";"http://parts.igem.org/wiki/index.php?title=Part:BBa_K1045009";"Terminators";"ccaggcatcaaataaaacgaaaggctcagtcgaaagactgggcctttcgttttatctgttgtttgtcggtgaacgctctctactagagtcacactggctcaccttcgggtgggcctttctgcgtttata";"In stock";"Not Used";"17 Twins";"";"iGEM Team Gttingen 2013";"";"";"";"10;12;21;23;25;1000;";""
"BBa_K1051008";"S. cerevisiae CAA terminator with stopcodon";"";"";"";"";"2013_Shenzhen_BGIC_ATCG";"http://parts.igem.org/wiki/index.php?title=Part:BBa_K1051008";"Terminators";"taatttttattcattttt";"In stock";"30 Uses";"";"";"Xiang LI";"";"";"";"10;12;21;23;25;1000;";""
"BBa_K1071005";"T fcpA";"";"";"";"";"2013_Marburg";"http://parts.igem.org/wiki/index.php?title=Part:BBa_K1071005";"Terminators";"ccttccttaaaaatttaattttcattagttgcagtcactccgctttggtttcacagtcaggaataacactagctcgtcttcaccatggatgccaatctcgcctattcatggtgtataaaagttcaacatccaaagctagaacttttggaaagagaaagaatatccgaatagggcacggcgtgccgtattgttggagtggactagcagaaagtgaggaaggcacaggatgagttttctcgag";"In stock";"Not Used";"";"";"Team Marburg 2013";"";"";"";"10;12;23;25;1000;";"21;"
"BBa_K1114021";"The MoClo format of BBa_J23118 with AB fusion sites.";"";"";"";"";"2013_BostonU";"http://parts.igem.org/wiki/index.php?title=Part:BBa_K1114021";"Terminators";"ggagttgacggctagctcagtcctaggtattgtgctagctact";"In stock";"Not Used";"";"";"Jake Awtry";"";"";"";"10;21;23;25;1000;";"12;"
"BBa_K1114300";"This is  the MoClo formatted part of BBa_B0015.";"";"";"";"";"2013_BostonU";"http://parts.igem.org/wiki/index.php?title=Part:BBa_K1114300";"Terminators";"aggtccaggcatcaaataaaacgaaaggctcagtcgaaagactgggcctttcgttttatctgttgtttgtcggtgaacgctctctactagagtcacactggctcaccttcgggtgggcctttctgcgtttatagctt";"In stock";"14 Uses";"";"";"Devina Desai";"";"";"";"10;12;21;23;25;1000;";""
"BBa_K1114301";"This is MoClo formatted part of BBa_B0015";"";"";"";"";"2013_BostonU";"http://parts.igem.org/wiki/index.php?title=Part:BBa_K1114301";"Terminators";"aggtccaggcatcaaataaaacgaaaggctcagtcgaaagactgggcctttcgttttatctgttgtttgtcggtgaacgctctctactagagtcacactggctcaccttcgggtgggcctttctgcgtttatatgcc";"In stock";"6 Uses";"";"";"Devina Desai";"";"";"";"10;12;21;23;25;1000;";""
"BBa_K1114302";"This is  <a href=""http://2013.igem.org/Team:BostonU/MoCloChara"">MoClo</a> formatted part of BBa_B001";"";"";"";"";"2013_BostonU";"http://parts.igem.org/wiki/index.php?title=Part:BBa_K1114302";"Terminators";"aggtccaggcatcaaataaaacgaaaggctcagtcgaaagactgggcctttcgttttatctgttgtttgtcggtgaacgctctctactagagtcacactggctcaccttcgggtgggcctttctgcgtttataacta";"In stock";"Not Used";"";"";"Devina Desai";"";"";"";"10;12;21;23;25;1000;";""
"BBa_K1150012";"BGH terminator";"";"";"";"";"2013_Freiburg";"http://parts.igem.org/wiki/index.php?title=Part:BBa_K1150012";"Terminators";"gtgccttctagttgccagccatctgttgtttgcccctcccccgtgccttccttgaccctggaaggtgccactcccactgtcctttcctaataaaatgaggaaattgcatcgcattgtctgagtaggtgtcattctattctggggggtggggtggggcaggacagcaagggggaggattgggaagacaatagcaggcatgctggggatgcggtgggctctatg";"In stock";"34 Uses";"";"";"Freiburg 2013";"";"";"";"10;12;21;23;25;1000;";""
"BBa_K1159307";"35S Terminator of Cauliflower Mosaic Virus (CaMV)";"";"";"";"";"2013_TU-Munich";"http://parts.igem.org/wiki/index.php?title=Part:BBa_K1159307";"Terminators";"ctagagtccgcaaaaatcaccagtctctctctacaaatctatctctctctatttttctccagaataatgtgtgagtagttcccagataagggaattagggttcttatagggtttcgctcatgtgttgagcatataagaaacccttagtatgtatttgtatttgtaaaatacttctatcaataaaatttctaattcctaaaaccaaaatccagtgacc";"In stock";"3 Uses";"";"";"TU Munich 2013";"";"";"//chassis/eukaryote/ppatens
//terminator
";"10;12;21;23;25;1000;";""
"BBa_K122013";"tPGK1";"";"";"";"";"2008_Rice_University";"http://parts.igem.org/wiki/index.php?title=Part:BBa_K122013";"Terminators";"a";"In stock";"1 Uses";"13 Twins";"";"David Ouyang";"";"";"";"10;12;21;23;25;1000;";""
"BBa_K1510005";" B0012+B0012";"";"";"";"";"2014_NYMU-Taipei";"http://parts.igem.org/wiki/index.php?title=Part:BBa_K1510005";"Terminators";"tcacactggctcaccttcgggtgggcctttctgcgtttatatactagagtcacactggctcaccttcgggtgggcctttctgcgtttata";"In stock";"Not Used";"";"";"Yen-An Chang";"";"";"";"10;12;21;23;25;1000;";""
"BBa_K1520029";"Terminator";"";"";"";"";"2014_Nanjing-China";"http://parts.igem.org/wiki/index.php?title=Part:BBa_K1520029";"Terminators";"ccaggcatcaaataaaacgaaaggctcagtcgaaagactgggcctttcgttttatctgttgtttgtcggtgaacgctctctactagagtcacactggctcaccttcgggtgggcctttctgcgtttata";"In stock";"27 Uses";"17 Twins";"";"Peiqing Sun";"";"";"";"10;12;21;23;25;1000;";""
"BBa_K1618037";"35s Terminator";"";"";"";"";"2015_NRP-UEA-Norwich";"http://parts.igem.org/wiki/index.php?title=Part:BBa_K1618037";"Terminators";"gcttctctagctagagtcgatcgacaagctcgagtttctccataataatgtgtgagtagttcccagataagggaattagggttcctatagggtttcgctcatgtgttgagcatataagaaacccttagtatgtatttgtatttgtaaaatacttctatcaataaaatttctaattcctaaaaccaaaatccagtactaaaatccagatcgct";"In stock";"8 Uses";"";"";"Leda Coelewij";"";"";"//chassis/eukaryote/nbenthamiana
";"10;12;23;25;1000;";"21;"
"BBa_K1725081";"T1 terminator from E. coli rrnB";"";"";"";"";"2015_Glasgow";"http://parts.igem.org/wiki/index.php?title=Part:BBa_K1725081";"Terminators";"ccaggcatcaaataaaacgaaaggctcagtcgaaagactgggcctttcgttttatctgttgtttgtcggtgaacgctctcctgagtaggacaaatccgccg";"In stock";"8 Uses";"";"";"Mhairi Davidson";"";"";"";"10;12;21;23;25;1000;";""
"BBa_K1829003";"tEno2: Yeast terminator";"";"";"";"";"2015_UCSF";"http://parts.igem.org/wiki/index.php?title=Part:BBa_K1829003";"Terminators";"agtgcttttaactaagaattattagtcttttctgcttattttttcatcatagtttagaacactttatattaacgaatagtttatgaatctatttaggtttaaaaattgatacagttttataagttactttttcaaagactcgtgctgtctattgcataatgcactggaaggggaaaaaaaaggtgcacacgcgtggctttttcttgaatttgcagtttgaaaaataactacatggatgataagaaaacatggagtacagtcactttgagaaccttcaatcagctggtaacgtcttcgttaattggatactcaaaaaagatggatagcatgaatcacaagatggaaggaaatgcgggccacgaccacagtgatatgcatatgggagatggagatgatacct";"In stock";"4 Uses";"";"tEno2";"Nicholas Suen";"";"";"";"10;12;21;23;25;1000;";""
"BBa_K1829004";"tFba1: yeast terminator";"";"";"";"";"2015_UCSF";"http://parts.igem.org/wiki/index.php?title=Part:BBa_K1829004";"Terminators";"gttaattcaaattaattgatatagttttttaatgagtattgaatctgtttagaaataatggaatattatttttatttatttatttatattattggtcggctcttttcttctgaaggtcaatgacaaaatgatatgaaggaaataatgatttctaaaattttacaacgtaagatatttttacaaaagcctagctcatcttttgtcatgcactattttactcacgcttgaaattaacggccagtccactgcggagtcatttcaaagtcatcctaatcgatctatcgtttttgatagctcattttggagttcgcgattgtcttctgttattcacaactgttttaatttttatttcattctggaactcttcgagttctttgtaaagtctttcatagtagcttac";"In stock";"1 Uses";"";"tFba1";"Nicholas Suen, Hunter Collins";"";"";"";"10;12;21;23;25;1000;";""
"BBa_K2246001";"T7 Terminator";"";"";"";"";"2017_TecCEM";"http://parts.igem.org/wiki/index.php?title=Part:BBa_K2246001";"Terminators";"ctagcataaccccttggggcctctaaacgggtcttgaggggttttttg";"In stock";"Not Used";"9 Twins";"";"JUAN CARLOS RUEDA SILVA";"";"";"";"10;12;21;23;25;1000;";""
"BBa_K2406215";"MoClo Terminator B0015";"";"";"";"";"2017_Edinburgh_UG";"http://parts.igem.org/wiki/index.php?title=Part:BBa_K2406215";"Terminators";"ccaggcatcaaataaaacgaaaggctcagtcgaaagactgggcctttcgttttatctgttgtttgtcggtgaacgctctctactagagtcacactggctcaccttcgggtgggcctttctgcgtttata";"In stock";"4 Uses";"17 Twins";"";"Jack T. Suitor";"";"";"";"10;12;21;23;25;1000;";""
"BBa_K395601";"T7 terminator";"";"";"";"";"2010_Tokyo_Tech";"http://parts.igem.org/wiki/index.php?title=Part:BBa_K395601";"Terminators";"ctagcataaccccttggggcctctaaacgggtcttgaggggttttttg";"In stock";"4 Uses";"9 Twins";"";"Toshitaka Matsubara";"";"";"";"10;12;21;23;25;1000;";""
"BBa_K530014";"KRE9 Yeast UTR";"";"";"";"";"2011_Johns_Hopkins";"http://parts.igem.org/wiki/index.php?title=Part:BBa_K530014";"Terminators";"aaaatagacggcttctactatcatcattacagtaagggttgaagtcaggaaaggttaaaaataaaataaatatcaaaaagtttttagcggaaggcgttaaggcagcaagtacacattcatttatctatctatacatctataaacacaactacaatttttttagaaatggaatttattatatgaagggaagacatatagaggcaacagtacataaaggtaag";"In stock";"1 Uses";"";"";"Daniel Wolozny";"";"";"";"10;12;21;23;25;1000;";""
"BBa_K530019";"HHO1 Yeast UTR";"";"";"";"";"2011_Johns_Hopkins";"http://parts.igem.org/wiki/index.php?title=Part:BBa_K530019";"Terminators";"aaagtgaatatccaaacgagaatgtcaatggtgatagcaatactatcaaacctattttctttcttcatttttgtgtcccatcactattagtattttgtattatttctaaatttttttctctctaattttcaatcttattcaagtgtttgttggcggtactgtaaattttcattttttaatctctcccttctctatttgttacttattcggtaaatatctcctttatgattttattcaaattccattcttaactaactaactatactgtttataaatttctcttctcttatatatgcaaggtacagtgtgtaa";"In stock";"6 Uses";"";"";"Daniel Wolozny";"";"";"";"10;12;21;23;25;1000;";""
"BBa_K731721";"T7 terminator";"Forward";"T7 bacteriophage";"  0.915 +/-  0.008 with T7 promoter;            0.80 +/- 0.01 with Ptac";"";"2012_TRENTO";"http://parts.igem.org/wiki/index.php?title=Part:BBa_K731721";"Terminators";"ctagcataaccccttggggcctctaaacgggtcttgaggggttttttg";"In stock";"21 Uses";"9 Twins";"";"Giacomo Giacomelli, Anna Depetris";"";"";"";"10;12;21;23;25;1000;";""
"BBa_K731722";"T1 terminator from  E. coli rrnB";"Forward";"rrnBT1";"0.976 +/- 0.005 with T7 RNAP (T7 promoter)  0.985 +/- 0.001 with E. coli RNAP (Ptac)";"";"2012_TRENTO";"http://parts.igem.org/wiki/index.php?title=Part:BBa_K731722";"Terminators";"ccaggcatcaaataaaacgaaaggctcagtcgaaagactgggcctttcgttttatctgttgtttgtcggtgaacgctct";"In stock";"2 Uses";"1 Twin";"";"Anna Depetris, Giacomo Giacomelli";"";"";"//rnap/bacteriophage/t7
//terminator/single
";"10;12;21;23;25;1000;";""
"BBa_K783020";"MoClo converted version of BBa_B0015";"";"";"";"";"2012_BostonU";"http://parts.igem.org/wiki/index.php?title=Part:BBa_K783020";"Terminators";"ccaggcatcaaataaaacgaaaggctcagtcgaaagactgggcctttcgttttatctgttgtttgtcggtgaacgctctctactagagtcacactggctcaccttcgggtgggcctttctgcgtttata";"In stock";"11 Uses";"17 Twins";"";"Traci Haddock";"";"";"";"10;12;21;23;25;1000;";""
"BBa_K785002";"T7 terminator";"";"";"";"";"2012_Fudan_Lux";"http://parts.igem.org/wiki/index.php?title=Part:BBa_K785002";"Terminators";"ctagcataaccccttggggcctctaaacgggtcttgaggggttttttg";"In stock";"Not Used";"9 Twins";"";"Zining Hou";"";"";"";"10;12;21;23;25;1000;";""
"BBa_K801011";"TEF1 yeast terminator";"";"";"";"";"2012_TU_Munich";"http://parts.igem.org/wiki/index.php?title=Part:BBa_K801011";"Terminators";"ggagattgataagacttttctagttgcatatcttttatatttaaatcttatctattagttaattttttgtaatttatccttatatatagtctggttattctaaaatatcatttcagtatctaaaaattcccctcttttttcagttatatcttaacaggcgacagtccaaatgttgatttatcccagtccgattcatcagggttgtgaagcattttgtcaatggtcgaaatcacatcagtaatagtgcctcttacttgcctcatagaatttctttctcttaacgtcaccgtttgtcttttatagtttcgaaatctatggtgataccaaatggtgttcccaattcatcgttacgggcgtattttttaccaattgaagtattggaatcgtcaattttaaagtatatctctcttttacgtaaagcctgcgagatcctcttaagtatagcggggaagccatcgttattcgatattgtcgtaacaaatactttgagcggcgctatctgtaatg";"In stock";"2 Uses";"";"";"Georg Schützinger";"";"";"//chassis/eukaryote/yeast
//terminator/single
";"10;12;21;23;25;1000;";""
"BBa_K801012";"ADH1 yeast terminator";"";"";"";"";"2012_TU_Munich";"http://parts.igem.org/wiki/index.php?title=Part:BBa_K801012";"Terminators";"agctttggacttcttcgccagaggtttggtcaagtctccaatcaaggttgtcggcttgtctaccttgccagaaatttacgaaaagatggaaaagggtcaaatcgttggtagatacgttgttgacacttctaaataagcgaatttcttatgatttatgatttttattattaaataagttataaaaaaaataagtgtatacaaattttaaagtgactcttaggttttaaaacgaaaattcttattcttgagtaactctttcctgtaggtcaggttgctttctcaggtatagcatgaggtcgctcttattgaccacacctctaccggccggtcgaaattcccctaccctatg";"In stock";"48 Uses";"";"";"Georg Schützinger";"";"";"//chassis/eukaryote/yeast
//terminator/single
";"10;12;21;23;25;1000;";""
"BBa_K823017";"double terminator (B0012-B0011)";"";"";"";"";"2012_LMU-Munich";"http://parts.igem.org/wiki/index.php?title=Part:BBa_K823017";"Terminators";"tcacactggctcaccttcgggtgggcctttctgcgtttatatactagagagagaatataaaaagccagattattaatccggcttttttattattt";"In stock";"43 Uses";"3 Twins";"";"Jara Radeck";"";"";"";"10;12;21;23;25;1000;";""
"BBa_K864600";"T0 (21 imm) transcriptional terminator";"Forward";"";"0.97";"";"2012_Uppsala";"http://parts.igem.org/wiki/index.php?title=Part:BBa_K864600";"Terminators";"ttgttcagaacgctcggtcttgcacaccgggcgttttttctttgtgagtcca";"In stock";"2 Uses";"";"";"Erik Lundin";"";"";"//terminator/single
//direction/forward
";"10;12;21;23;25;1000;";""
"BBa_K864601";"Lambda t1 transcriptional terminator";"Forward";"";"0.97";"";"2012_Uppsala";"http://parts.igem.org/wiki/index.php?title=Part:BBa_K864601";"Terminators";"ctgtaacagagcattagcgcaaggtgatttttgtcttcttgcgctaatttttt";"In stock";"4 Uses";"";"";"Erik Lundin";"";"";"//terminator/single
//direction/forward
";"10;12;21;23;25;1000;";""
"BBa_K923004";"T7 Terminator from pET14 Plasmid";"";"";"";"";"2012_BAU_Indonesia";"http://parts.igem.org/wiki/index.php?title=Part:BBa_K923004";"Terminators";"ctagcataaccccttggggcctctaaacgggtcttgaggggttttttg";"In stock";"Not Used";"9 Twins";"";"Masrukhin";"";"";"";"10;12;21;23;25;1000;";""
"BBa_M36135";"Transcription terminator (apFAB388)";"";"";"";"";"2012_Stanford BIOE44 - S11";"http://parts.igem.org/wiki/index.php?title=Part:BBa_M36135";"Terminators";"aaaaaaaaaccccgcccctgacagggcggggtttttttt";"In stock";"7 Uses";"2 Twins";"";"Vir Choksi";"";"";"";"10;12;21;23;25;1000;";""
"BBa_M36305";"Transcription terminator pT-T7 from bacteriophage";"Forward";"";"";"";"2011_Stanford BIOE44 - S11";"http://parts.igem.org/wiki/index.php?title=Part:BBa_M36305";"Terminators";"ctagcataaccccttggggcctctaaacgggtcttgaggggttttttg";"In stock";"2 Uses";"9 Twins";"";"Darren Jindal, Raman Nelakanti, Dennis Te";"";"";"";"10;12;21;23;25;1000;";""
"BBa_M36561";"This terminator is a general terminator of transcription. It forms a stem loop which stops transcrip";"";"";"";"";"2014_Stanford BIOE44 - S11";"http://parts.igem.org/wiki/index.php?title=Part:BBa_M36561";"Terminators";"ccaggcatcaaataaaacgaaaggctcagtcgaaagactgggcctttcgttttatctgttgtttgtcggtgaacgctctc";"In stock";"1 Uses";"4 Twins";"";"Ashley Henderson";"";"";"";"10;12;21;23;25;1000;";""
"BBa_M36586";"T1 Transcription Terminator";"";"";"";"";"2015_Stanford BIOE44 - S11";"http://parts.igem.org/wiki/index.php?title=Part:BBa_M36586";"Terminators";"ccaggcatcaaataaaacgaaaggctcagtcgaaagactgggcctttcgttttatctgttgtttgtcggtgaacgctct";"In stock";"2 Uses";"1 Twin";"";"Aris Kare";"";"";"";"10;12;21;23;25;1000;";""
"BBa_M36912";"Transcription terminator, works well with BBa_M36913 RBS";"";"";"";"";"2012_Stanford BIOE44 - S11";"http://parts.igem.org/wiki/index.php?title=Part:BBa_M36912";"Terminators";"ccaggcatcaaataaaacgaaaggctcagtcgaaagactgggcctttcgttttatctgttgtttgtcggtgaacgctctctactagagtcacactggctcaccttcgggtgggcctttctgcgtttata";"In stock";"1 Uses";"17 Twins";"";"Rohit Talreja, Kelly Nguyen, Jacqueline Tao";"";"";"";"10;12;21;23;25;1000;";""
"BBa_M36918";"T1 from E. coli rrnB";"";"";"";"";"2014_Stanford BIOE44 - S11";"http://parts.igem.org/wiki/index.php?title=Part:BBa_M36918";"Terminators";"ccaggcatcaaataaaacgaaaggctcagtcgaaagactgggcctttcgttttatctgttgtttgtcggtgaacgctctc";"In stock";"Not Used";"4 Twins";"";"Leah Chase";"";"";"";"10;12;21;23;25;1000;";""
"BBa_M50032";"pT-T7 terminator";"";"";"";"";"2016_Stanford BIOE44 - S11";"http://parts.igem.org/wiki/index.php?title=Part:BBa_M50032";"Terminators";"ctagcataaccccttggggcctctaaacgggtcttgaggggttttttg";"In stock";"2 Uses";"9 Twins";"";"Cale Lester, Raquel Freeman, Tristan Yeung";"";"";"";"10;12;21;23;25;1000;";""
"BBa_M50049";"Transcription terminator";"";"";"";"";"2016_Stanford BIOE44 - S11";"http://parts.igem.org/wiki/index.php?title=Part:BBa_M50049";"Terminators";"ctagcataaccccttggggcctctaaacgggtcttgaggggttttttg";"In stock";"1 Uses";"9 Twins";"";"Taylor Merkel";"";"";"";"10;12;21;23;25;1000;";""
